id,is_collaborative_post,tagged_users,likes_count,Reel_view_count,Reel_duration,commentsCount,Reel_play_count,type,timestamp,is_sponsored
3.53E+18,collaborative_post,tagged_post,1472,15308,39.241,21,57156,Reel,2024-12-20T11:57:53.000Z,FALSE
3.52E+18,,,2154,,,47,,Image,2024-12-14T17:02:04.000Z,FALSE
3.54E+18,,,3554,20644,89.633,42,69925,Reel,2024-12-31T11:26:41.000Z,FALSE
3.53E+18,collaborative_post,tagged_post,15261,156712,74.812,118,584077,Reel,2024-12-27T16:10:00.000Z,FALSE
3.53E+18,,,2489,17446,60.75,17,60980,Reel,2024-12-30T11:42:22.000Z,FALSE
3.53E+18,,,6190,,,30,,Image,2024-12-17T16:06:57.000Z,FALSE
3.53E+18,,,2343,15514,64.899,18,54493,Reel,2024-12-22T12:38:45.000Z,FALSE
3.53E+18,,,4467,24711,74.837,40,78805,Reel,2024-12-17T12:32:47.000Z,FALSE
3.54E+18,,,1135,6841,89.633,17,26455,Reel,2024-12-31T11:27:31.000Z,FALSE
3.52E+18,collaborative_post,tagged_post,15384,75469,42.168,178,265555,Reel,2024-12-11T10:41:01.000Z,FALSE
3.51E+18,,,1215,6357,57.5,11,22308,Reel,2024-11-27T04:22:04.000Z,FALSE
3.52E+18,,,6285,63825,43.721,55,452996,Reel,2024-12-14T06:03:06.000Z,FALSE
3.50E+18,collaborative_post,tagged_post,6770,29072,41.633,75,89212,Reel,2024-11-14T15:09:28.000Z,FALSE
3.51E+18,,,3514,16117,80.501,16,50263,Reel,2024-11-26T05:57:02.000Z,FALSE
3.49E+18,,,3518,33974,90.033,18,247060,Reel,2024-11-04T10:32:10.000Z,FALSE
3.51E+18,,,4477,20653,89.79,26,66147,Reel,2024-11-26T10:22:48.000Z,FALSE
3.51E+18,,,1488,7625,89.79,4,30014,Reel,2024-11-25T13:33:29.000Z,FALSE
3.51E+18,,,1799,9248,87.073,3,31810,Reel,2024-11-26T16:12:51.000Z,FALSE
3.49E+18,collaborative_post,tagged_post,9296,,,46,,Image,2024-10-31T14:42:16.000Z,FALSE
3.48E+18,,,701,,,13,,Image,2024-10-12T12:00:28.000Z,FALSE
3.51E+18,,,992,5828,89.79,4,23078,Reel,2024-11-26T13:29:52.000Z,FALSE
3.50E+18,,,2470,,,36,,Image,2024-11-19T05:54:09.000Z,FALSE
3.47E+18,,,1519,,,37,,Image,2024-10-05T11:11:53.000Z,FALSE
3.51E+18,,,3456,15156,86.075,16,55418,Reel,2024-11-20T16:18:59.000Z,FALSE
3.44E+18,collaborative_post,tagged_post,11730,,,58,,carousel,2024-08-22T08:00:09.000Z,FALSE
3.44E+18,,,2805,,,16,,Image,2024-08-23T11:47:38.000Z,FALSE
3.44E+18,,,3358,,,15,,Image,2024-08-24T08:25:09.000Z,FALSE
3.47E+18,,,4745,24946,39.966,30,77141,Reel,2024-10-02T07:06:00.000Z,FALSE
3.45E+18,,,4634,,,107,,Image,2024-09-08T07:50:29.000Z,FALSE
3.44E+18,,,5261,,,28,,carousel,2024-08-22T17:04:36.000Z,FALSE
3.44E+18,,,1790,7622,16.434,13,30088,Reel,2024-08-22T13:05:27.000Z,FALSE
3.44E+18,collaborative_post,tagged_post,1447,8271,9.8,9,35708,Reel,2024-08-24T20:33:30.000Z,FALSE
3.44E+18,,,3722,,,29,,Image,2024-08-20T17:13:32.000Z,FALSE
3.44E+18,,,6745,,,59,,carousel,2024-08-21T11:54:53.000Z,FALSE
3.44E+18,,,3330,,,14,,Image,2024-08-19T06:34:18.000Z,FALSE
3.44E+18,,tagged_post,2115,12327,6.801,10,49330,Reel,2024-08-16T06:58:57.000Z,FALSE
3.44E+18,,,2766,,,13,,Image,2024-08-15T10:27:39.000Z,FALSE
3.44E+18,,,2910,11629,13.366,27,42427,Reel,2024-08-16T14:24:23.000Z,FALSE
3.44E+18,,,3107,12033,13.738,24,51491,Reel,2024-08-15T15:21:28.000Z,FALSE
3.44E+18,,,6904,,,36,,Image,2024-08-15T06:37:42.000Z,FALSE
3.44E+18,,,2802,,,24,,Image,2024-08-15T07:20:06.000Z,FALSE
3.44E+18,collaborative_post,tagged_post,8196,,,27,,Image,2024-08-16T16:30:03.000Z,FALSE
3.44E+18,,,10489,,,35,,carousel,2024-08-16T07:10:23.000Z,FALSE
3.43E+18,collaborative_post,tagged_post,12133,,,51,,Image,2024-08-13T14:41:13.000Z,FALSE
3.43E+18,collaborative_post,tagged_post,6553,,,31,,Image,2024-08-13T16:42:29.000Z,FALSE
3.44E+18,collaborative_post,tagged_post,5482,,,11,,Image,2024-08-17T16:15:53.000Z,FALSE
3.43E+18,,,646,8363,58.825,2,27082,Reel,2024-08-13T10:35:35.000Z,FALSE
3.43E+18,,,1391,16996,58.825,3,45760,Reel,2024-08-11T10:35:37.000Z,FALSE
3.43E+18,,,3316,,,33,,Image,2024-08-14T14:49:29.000Z,FALSE
3.43E+18,,,918,9510,56.823,7,31825,Reel,2024-08-12T10:36:02.000Z,FALSE
3.43E+18,,,4573,,,33,,Image,2024-08-13T14:30:39.000Z,FALSE
3.43E+18,,,8052,,,34,,Image,2024-08-12T09:27:20.000Z,FALSE
3.43E+18,,,1235,10129,58.958,11,37384,Reel,2024-08-10T10:36:07.000Z,FALSE
3.43E+18,,,1619,16048,58.958,6,49505,Reel,2024-08-08T10:37:38.000Z,FALSE
3.43E+18,,,444,5085,58.992,0,20873,Reel,2024-08-09T10:35:36.000Z,FALSE
3.43E+18,,,575,4804,55.655,5,19996,Reel,2024-08-07T10:35:36.000Z,FALSE
3.43E+18,,,853,5824,58.691,13,22734,Reel,2024-08-05T10:37:39.000Z,FALSE
3.43E+18,,,907,7723,57.791,4,28349,Reel,2024-08-04T10:37:39.000Z,FALSE
3.43E+18,,,1674,10255,58.958,8,35023,Reel,2024-08-06T10:36:06.000Z,FALSE
3.46E+18,,,1030,11247,59.583,7,38728,Reel,2024-09-19T14:16:49.000Z,FALSE
3.42E+18,,,918,6916,53.82,5,25275,Reel,2024-08-01T10:35:35.000Z,FALSE
3.42E+18,,,3494,32539,58.958,21,84901,Reel,2024-07-31T10:37:35.000Z,FALSE
3.42E+18,,,2391,28877,59.058,4,64163,Reel,2024-07-30T06:35:35.000Z,FALSE
3.43E+18,,,5203,43636,58.958,31,108325,Reel,2024-08-02T10:35:38.000Z,FALSE
3.43E+18,,,1343,9779,59.058,7,33564,Reel,2024-08-03T10:35:36.000Z,FALSE
3.42E+18,,,314,3091,59.058,0,15512,Reel,2024-07-28T10:36:06.000Z,FALSE
3.43E+18,,,2330,,,38,,Image,2024-08-03T04:53:31.000Z,FALSE
3.42E+18,,,712,6635,58.925,2,24530,Reel,2024-07-26T10:36:06.000Z,FALSE
3.42E+18,,,2609,19914,59.058,15,61088,Reel,2024-07-27T10:36:07.000Z,FALSE
3.42E+18,,,498,5026,59.058,7,19724,Reel,2024-07-29T06:36:07.000Z,FALSE
3.42E+18,,,3690,30218,59.666,29,92687,Reel,2024-07-30T10:41:44.000Z,FALSE
3.42E+18,,,900,6241,59.058,2,24256,Reel,2024-07-29T10:35:41.000Z,FALSE
3.42E+18,,,1588,15735,58.375,9,47422,Reel,2024-07-24T13:36:34.000Z,FALSE
3.42E+18,,,1267,12170,58.858,7,41395,Reel,2024-07-20T10:35:36.000Z,FALSE
3.42E+18,,,3496,18851,59.759,21,56901,Reel,2024-07-19T13:36:07.000Z,FALSE
3.42E+18,,,542,7617,61.958,1,29634,Reel,2024-07-23T12:27:41.000Z,FALSE
3.42E+18,,,1004,,,16,,Image,2024-07-24T12:20:52.000Z,FALSE
3.42E+18,,,7583,44681,57.924,22,116056,Reel,2024-07-21T10:35:35.000Z,FALSE
3.42E+18,,,4527,24962,58.792,60,69065,Reel,2024-07-23T10:35:35.000Z,FALSE
3.42E+18,,,4434,40610,58.992,21,105631,Reel,2024-07-25T10:35:34.000Z,FALSE
3.42E+18,,,1342,10082,58.992,7,31668,Reel,2024-07-22T10:35:36.000Z,FALSE
3.42E+18,,,1300,7817,59.926,9,29349,Reel,2024-07-19T08:36:06.000Z,FALSE
3.42E+18,,,8138,78650,21.468,39,197973,Reel,2024-07-22T08:01:35.000Z,FALSE
3.41E+18,,,57903,427126,37.934,239,826985,Reel,2024-07-17T13:10:28.000Z,FALSE
3.41E+18,,,687,,,11,,Image,2024-07-14T05:59:12.000Z,FALSE
3.41E+18,,,17906,,,147,,Image,2024-07-17T13:24:23.000Z,FALSE
3.42E+18,,,723,4499,58.525,11,19159,Reel,2024-07-24T10:36:06.000Z,FALSE
3.41E+18,,,5406,37983,47.881,19,90897,Reel,2024-07-13T13:45:34.000Z,FALSE
3.42E+18,,,1217,,,30,,Image,2024-07-19T06:08:37.000Z,FALSE
3.41E+18,,,2613,,,15,,Image,2024-07-13T15:00:59.000Z,FALSE
3.41E+18,,,5929,32430,59.759,24,93307,Reel,2024-07-12T13:38:06.000Z,FALSE
3.41E+18,,,1330,7627,58.291,14,28855,Reel,2024-07-10T11:32:03.000Z,FALSE
3.41E+18,,,1705,11102,60.059,6,35427,Reel,2024-07-09T08:36:41.000Z,FALSE
3.40E+18,,tagged_post,6891,,,22,,Image,2024-07-03T20:16:27.000Z,FALSE
3.41E+18,,tagged_post,2834,17220,58.358,20,53207,Reel,2024-07-09T16:31:48.000Z,FALSE
3.40E+18,,,4926,,,41,,Image,2024-06-30T11:21:31.000Z,FALSE
3.38E+18,,,6260,39265,59.92,30,106152,Reel,2024-05-31T02:54:50.000Z,FALSE
3.39E+18,,,3755,20520,78.12,29,61424,Reel,2024-06-18T08:55:20.000Z,FALSE
3.39E+18,,,1525,8695,73.04,12,33293,Reel,2024-06-19T04:17:51.000Z,FALSE
3.38E+18,,tagged_post,1064,9766,59.8,7,32395,Reel,2024-06-04T03:10:36.000Z,FALSE
3.38E+18,,,1145,6595,59.56,13,25301,Reel,2024-05-28T14:34:06.000Z,FALSE
3.39E+18,,,31876,470739,60.026,108,2688316,Reel,2024-06-15T14:41:58.000Z,FALSE
3.38E+18,,tagged_post,1785,11785,56,20,38959,Reel,2024-05-29T02:59:29.000Z,FALSE
3.40E+18,,,1293,22729,1.703,24,95258,Reel,2024-06-30T07:54:31.000Z,FALSE
3.40E+18,,,5652,68846,47.216,49,435408,Reel,2024-06-28T05:26:00.000Z,FALSE
3.38E+18,,,2370,12523,61.36,16,48938,Reel,2024-05-28T14:08:26.000Z,FALSE
3.38E+18,,,1610,10474,60,11,35847,Reel,2024-05-28T21:19:01.000Z,FALSE
3.40E+18,,,3674,,,30,,Image,2024-06-29T17:46:51.000Z,FALSE
3.37E+18,collaborative_post,tagged_post,6786,76471,23.232,100,249549,Reel,2024-05-23T05:00:51.000Z,FALSE
3.37E+18,,,2320,12136,59.993,9,41390,Reel,2024-05-15T15:19:46.000Z,FALSE
3.36E+18,,,3588,15237,59.68,44,50707,Reel,2024-05-08T11:31:05.000Z,FALSE
3.37E+18,,,3049,13175,84.28,48,45972,Reel,2024-05-21T17:20:21.000Z,FALSE
3.37E+18,,tagged_post,1688,,,14,,Image,2024-05-21T14:29:43.000Z,FALSE
3.35E+18,,,13849,167240,43.276,116,1096816,Reel,2024-04-20T10:50:58.000Z,FALSE
3.36E+18,,,2165,,,24,,Image,2024-05-08T17:15:08.000Z,FALSE
3.36E+18,,,3293,,,51,,Image,2024-05-03T18:09:26.000Z,FALSE
3.37E+18,,,5875,23689,60.4,91,76483,Reel,2024-05-13T12:10:05.000Z,FALSE
3.36E+18,,,3361,,,60,,Image,2024-05-08T08:44:26.000Z,FALSE
3.37E+18,,,1504,8095,59.993,15,30051,Reel,2024-05-16T15:01:24.000Z,FALSE
3.37E+18,,,3777,20746,56.36,25,65377,Reel,2024-05-24T03:15:04.000Z,FALSE
3.32E+18,,,1374,,,7,,Image,2024-03-04T03:57:13.000Z,FALSE
3.33E+18,,,3510,20338,56.022,28,62514,Reel,2024-03-28T16:28:19.000Z,FALSE
3.33E+18,,,1030,8136,59.993,7,27021,Reel,2024-03-29T09:36:02.000Z,FALSE
3.32E+18,,,9699,48169,58.68,153,159275,Reel,2024-03-08T05:34:04.000Z,FALSE
3.31E+18,,,4118,,,79,,Image,2024-02-28T14:28:08.000Z,FALSE
3.34E+18,,,7175,98036,60.059,45,284174,Reel,2024-04-06T05:48:32.000Z,FALSE
3.35E+18,,,10905,61539,90,69,162897,Reel,2024-04-14T06:26:46.000Z,FALSE
3.31E+18,,,2247,,,102,,Image,2024-02-18T06:12:22.000Z,FALSE
3.35E+18,,,12215,,,78,,Image,2024-04-16T13:30:58.000Z,FALSE
3.34E+18,,,716,6854,60.059,6,22479,Reel,2024-03-31T13:14:59.000Z,FALSE
3.33E+18,,,1165,,,24,,Image,2024-03-20T08:50:52.000Z,FALSE
3.32E+18,,,4543,33295,8.6,32,117006,Reel,2024-03-14T10:03:29.000Z,FALSE
3.28E+18,,,879,5614,55.889,7,21528,Reel,2024-01-12T06:56:42.000Z,FALSE
3.28E+18,,,1998,11708,57.29,10,39178,Reel,2024-01-12T06:50:13.000Z,FALSE
3.28E+18,collaborative_post,tagged_post,1922,17800,40.166,2,65831,Reel,2024-01-11T13:56:59.000Z,FALSE
3.30E+18,,,11178,,,193,,Image,2024-02-14T05:24:39.000Z,FALSE
3.30E+18,,,3010,19709,88.521,20,53707,Reel,2024-02-06T10:04:39.000Z,FALSE
3.28E+18,,,4571,,,53,,Image,2024-01-15T15:00:11.000Z,FALSE
3.27E+18,,,1446,9702,11.2,27,36203,Reel,2023-12-29T14:20:41.000Z,FALSE
3.27E+18,,,5269,,,58,,Image,2024-01-01T10:21:51.000Z,FALSE
3.28E+18,,,845,4780,60.026,2,19534,Reel,2024-01-12T06:41:55.000Z,FALSE
3.27E+18,collaborative_post,tagged_post,10153,,,52,,Image,2024-01-01T11:47:09.000Z,FALSE
3.29E+18,,,3124,,,40,,Image,2024-02-02T19:00:00.000Z,FALSE
3.22E+18,,,3339,,,29,,Image,2023-10-24T06:56:14.000Z,FALSE
3.22E+18,,,2450,,,18,,Image,2023-10-21T01:27:38.000Z,FALSE
3.24E+18,,,22542,202024,59.003,51,414748,Reel,2023-11-23T02:25:29.000Z,FALSE
3.25E+18,,tagged_post,5105,56817,59.926,15,333489,Reel,2023-12-09T11:52:40.000Z,FALSE
3.23E+18,collaborative_post,tagged_post,4724,,,35,,Image,2023-11-12T14:35:10.000Z,FALSE
3.24E+18,,,4650,,,65,,Image,2023-11-20T16:02:21.000Z,FALSE
3.24E+18,collaborative_post,tagged_post,578,,,30,,Image,2023-11-26T07:53:41.000Z,FALSE
3.22E+18,,,2449,,,17,,Image,2023-10-30T12:08:53.000Z,FALSE
3.28E+18,,,2404,18641,60.026,13,49329,Reel,2024-01-12T07:08:02.000Z,FALSE
3.24E+18,,,15740,138901,55.003,68,313021,Reel,2023-11-17T04:51:40.000Z,FALSE
3.25E+18,,,23921,213029,55.603,68,404640,Reel,2023-12-07T16:04:33.000Z,FALSE
3.26E+18,,,15964,151983,51.836,111,340152,Reel,2023-12-15T13:56:55.000Z,FALSE
3.22E+18,,,1929,,,13,,Image,2023-10-19T01:34:31.000Z,FALSE
3.21E+18,collaborative_post,tagged_post,6243,34260,9.895,81,98867,Reel,2023-10-14T08:04:10.000Z,FALSE
3.22E+18,collaborative_post,tagged_post,6398,,,26,,carousel,2023-10-18T01:15:48.000Z,FALSE
3.22E+18,collaborative_post,tagged_post,8788,,,111,,Image,2023-10-17T00:35:42.000Z,FALSE
3.21E+18,collaborative_post,tagged_post,3665,19377,31.805,40,51952,Reel,2023-10-14T03:32:56.000Z,FALSE
3.21E+18,,,5564,37949,38.101,45,82523,Reel,2023-10-14T05:51:00.000Z,FALSE
3.21E+18,,,1885,,,14,,Image,2023-10-16T09:13:19.000Z,FALSE
3.21E+18,,,3893,,,26,,carousel,2023-10-14T22:05:27.000Z,FALSE
3.22E+18,collaborative_post,tagged_post,4985,,,49,,Image,2023-10-16T21:13:16.000Z,FALSE
3.21E+18,collaborative_post,tagged_post,4450,,,20,,carousel,2023-10-13T04:13:24.000Z,FALSE
3.22E+18,,,1688,,,6,,Image,2023-10-18T00:59:08.000Z,FALSE
3.21E+18,,,1910,,,24,,Image,2023-10-13T05:20:58.000Z,FALSE
3.21E+18,,,1878,,,14,,Image,2023-10-16T04:33:33.000Z,FALSE
3.20E+18,,,1484,12479,89.733,6,31471,Reel,2023-09-30T12:07:20.000Z,FALSE
3.19E+18,,,3783,19030,89.366,41,39068,Reel,2023-09-16T08:19:31.000Z,FALSE
3.20E+18,,,1396,13489,89.466,8,36769,Reel,2023-10-02T15:21:25.000Z,FALSE
3.20E+18,,,2421,15889,75.8,28,39022,Reel,2023-09-25T19:12:38.000Z,FALSE
3.20E+18,,,2488,15750,87.966,27,43399,Reel,2023-09-29T07:55:19.000Z,FALSE
3.21E+18,,,6943,,,65,,Image,2023-10-11T03:21:51.000Z,FALSE
3.21E+18,,,2936,,,22,,Image,2023-10-12T22:31:03.000Z,FALSE
3.21E+18,,,2168,,,7,,Image,2023-10-07T17:11:18.000Z,FALSE
3.21E+18,,,3757,26471,88.4,50,68366,Reel,2023-10-07T12:37:54.000Z,FALSE
3.19E+18,,,1708,10001,81.5,12,25403,Reel,2023-09-18T11:26:05.000Z,FALSE
3.21E+18,collaborative_post,tagged_post,3877,,,18,,Image,2023-10-12T01:15:04.000Z,FALSE
3.18E+18,,tagged_post,1240,8555,70.966,19,20349,Reel,2023-09-04T09:32:05.000Z,FALSE
3.19E+18,,,1517,8694,68.233,13,19534,Reel,2023-09-12T06:24:44.000Z,FALSE
3.19E+18,,,4861,29744,90,35,59580,Reel,2023-09-06T07:37:17.000Z,FALSE
3.19E+18,,,2666,39487,89.533,1,138138,Reel,2023-09-09T15:40:34.000Z,FALSE
3.19E+18,collaborative_post,tagged_post,1134,8221,89.8,11,20525,Reel,2023-09-07T15:05:13.000Z,FALSE
3.18E+18,,,269,,,5,,Image,2023-09-02T07:45:00.000Z,FALSE
3.19E+18,,,1503,,,21,,Image,2023-09-15T08:09:12.000Z,FALSE
3.19E+18,,,7085,42693,80.266,61,82655,Reel,2023-09-14T07:19:57.000Z,FALSE
3.18E+18,,tagged_post,1166,8195,89.966,9,19397,Reel,2023-09-02T03:52:20.000Z,FALSE
3.20E+18,,,1973,10240,59.866,24,23868,Reel,2023-09-20T14:49:44.000Z,FALSE
3.19E+18,,,1225,15332,84.533,4,65683,Reel,2023-09-08T07:29:09.000Z,FALSE
3.19E+18,,,1923,,,19,,Image,2023-09-11T07:23:49.000Z,FALSE
3.18E+18,,,1448,11279,60,6,25761,Reel,2023-08-29T15:46:44.000Z,FALSE
3.17E+18,,,284,,,2,,Image,2023-08-08T21:59:52.000Z,FALSE
3.18E+18,,,2235,11092,57.933,19,26992,Reel,2023-08-26T11:05:45.000Z,FALSE
3.18E+18,,,4893,,,52,,Image,2023-08-23T03:17:13.000Z,FALSE
3.16E+18,,,929,,,1,,Image,2023-08-06T05:58:21.000Z,FALSE
3.16E+18,,,1189,,,9,,Image,2023-08-06T20:28:03.000Z,FALSE
3.18E+18,,,1465,6794,85.366,18,17097,Reel,2023-08-28T11:53:12.000Z,FALSE
3.18E+18,,tagged_post,4559,33834,65.166,13,64016,Reel,2023-08-24T16:17:38.000Z,FALSE
3.18E+18,,,1588,10522,54.4,15,24870,Reel,2023-08-25T15:10:37.000Z,FALSE
3.17E+18,,,2179,,,12,,Image,2023-08-13T18:42:31.000Z,FALSE
3.18E+18,,,1724,15198,53.1,7,29734,Reel,2023-08-28T13:08:46.000Z,FALSE
3.17E+18,collaborative_post,tagged_post,405,3986,24.1,5,14586,Reel,2023-08-19T12:29:05.000Z,FALSE
3.18E+18,,,1929,10444,66.266,15,23873,Reel,2023-08-24T07:40:12.000Z,FALSE
3.16E+18,,tagged_post,4384,,,25,,Image,2023-08-04T19:53:11.000Z,FALSE
3.16E+18,,,1340,,,4,,Image,2023-08-05T05:50:35.000Z,FALSE
3.16E+18,,,4592,53893,42,17,177537,Reel,2023-08-01T20:11:20.000Z,FALSE
3.15E+18,,,663,,,5,,Image,2023-07-18T13:04:51.000Z,FALSE
3.15E+18,,,3011,17771,86.733,26,44477,Reel,2023-07-12T11:05:47.000Z,FALSE
3.16E+18,,,3038,,,22,,carousel,2023-08-05T19:23:33.000Z,FALSE
3.16E+18,,,1943,,,12,,Image,2023-08-04T19:04:32.000Z,FALSE
3.16E+18,,,4053,,,83,,Image,2023-08-01T18:49:17.000Z,FALSE
3.15E+18,,tagged_post,6085,117426,59.2,13,378200,Reel,2023-07-24T13:10:46.000Z,FALSE
3.15E+18,,tagged_post,2757,,,7,,Image,2023-07-17T07:15:37.000Z,FALSE
3.14E+18,,,1973,10819,90.033,15,27206,Reel,2023-07-07T14:44:44.000Z,FALSE
3.14E+18,,,1119,,,51,,Image,2023-07-11T08:43:20.000Z,FALSE
3.14E+18,,,7470,,,154,,Image,2023-07-04T12:14:56.000Z,FALSE
3.14E+18,,,951,,,32,,Image,2023-07-08T07:02:23.000Z,FALSE
3.14E+18,,,3483,,,39,,Image,2023-07-08T08:53:59.000Z,FALSE
3.14E+18,,,2101,12032,79.566,5,31701,Reel,2023-07-02T16:07:28.000Z,FALSE
3.12E+18,,tagged_post,770,5328,59.3,4,15779,Reel,2023-06-14T06:12:34.000Z,FALSE
3.14E+18,,,9593,63569,76.366,31,116758,Reel,2023-07-10T16:06:24.000Z,FALSE
3.13E+18,,,6559,,,60,,Image,2023-06-18T14:32:20.000Z,FALSE
3.13E+18,,,1292,12107,15.8,19,21689,Reel,2023-06-21T14:29:13.000Z,FALSE
3.15E+18,,tagged_post,3647,,,14,,Image,2023-07-15T10:13:00.000Z,FALSE
3.14E+18,,tagged_post,1391,8818,75.333,10,22145,Reel,2023-07-01T13:18:04.000Z,FALSE
3.10E+18,,,1506,8510,59.933,8,20047,Reel,2023-05-11T08:08:37.000Z,FALSE
3.09E+18,,,596,,,6,,Image,2023-04-30T13:42:17.000Z,FALSE
3.10E+18,,,1035,,,10,,Image,2023-05-04T10:06:21.000Z,FALSE
3.09E+18,,,1654,,,4,,Image,2023-04-30T13:40:43.000Z,FALSE
3.13E+18,,,1263,8611,61.033,23,19121,Reel,2023-06-17T08:50:59.000Z,FALSE
3.10E+18,,,3224,20239,79.566,45,40310,Reel,2023-05-10T05:03:00.000Z,FALSE
3.10E+18,,,1799,,,15,,Image,2023-05-10T10:26:51.000Z,FALSE
3.10E+18,,,2970,66088,69.866,15,567250,Reel,2023-05-15T17:57:37.000Z,FALSE
3.12E+18,,tagged_post,1252,9107,60.1,7,21878,Reel,2023-06-13T17:31:00.000Z,FALSE
3.09E+18,,,1529,,,3,,Image,2023-04-30T13:41:26.000Z,FALSE
3.12E+18,,,708,,,13,,Image,2023-06-13T08:26:54.000Z,FALSE
3.12E+18,,,3387,57212,40.4,19,398358,Reel,2023-06-05T13:56:45.000Z,FALSE
3.09E+18,,,392,,,1,,Image,2023-04-30T13:35:25.000Z,FALSE
3.09E+18,,,1705,,,9,,Image,2023-04-30T13:33:18.000Z,FALSE
3.09E+18,,,343,,,0,,Image,2023-04-30T13:39:05.000Z,FALSE
3.09E+18,,,704,,,1,,Image,2023-04-30T13:38:07.000Z,FALSE
3.09E+18,,,372,,,1,,Image,2023-04-30T13:32:51.000Z,FALSE
3.09E+18,,,377,,,2,,Image,2023-04-30T13:38:37.000Z,FALSE
3.09E+18,,,433,,,1,,Image,2023-04-30T13:36:20.000Z,FALSE
3.09E+18,,,775,,,0,,Image,2023-04-30T13:34:53.000Z,FALSE
3.09E+18,,,725,,,3,,Image,2023-04-30T13:33:56.000Z,FALSE
3.09E+18,,,495,,,0,,Image,2023-04-30T13:28:16.000Z,FALSE
3.09E+18,,,1173,,,6,,Image,2023-04-30T13:39:39.000Z,FALSE
3.09E+18,,,432,,,1,,Image,2023-04-30T13:27:37.000Z,FALSE
3.07E+18,collaborative_post,tagged_post,14180,,,113,,carousel,2023-04-05T11:43:37.000Z,FALSE
3.09E+18,,,365,,,1,,Image,2023-04-30T13:27:12.000Z,FALSE
3.09E+18,,,4222,,,11,,Image,2023-04-30T13:32:19.000Z,FALSE
3.07E+18,collaborative_post,tagged_post,161,,,1,,Image,2023-04-02T06:11:26.000Z,FALSE
3.07E+18,,,1593,,,11,,Image,2023-04-01T13:35:59.000Z,FALSE
3.09E+18,,,494,,,2,,Image,2023-04-30T13:26:47.000Z,FALSE
3.09E+18,,,882,,,3,,Image,2023-04-30T13:26:12.000Z,FALSE
3.07E+18,,,1730,,,8,,Image,2023-04-03T17:24:35.000Z,FALSE
3.07E+18,,,3421,,,11,,carousel,2023-04-03T04:11:36.000Z,FALSE
3.07E+18,,,853,,,5,,carousel,2023-04-02T09:55:38.000Z,FALSE
3.09E+18,,,351,,,2,,Image,2023-04-30T13:34:18.000Z,FALSE
3.09E+18,,,422,,,0,,Image,2023-04-30T13:36:46.000Z,FALSE
3.15E+18,,,1021,9897,46.8,11,20972,Reel,2023-07-15T06:37:52.000Z,FALSE
3.09E+18,,,456,,,0,,Image,2023-04-30T13:35:52.000Z,FALSE
3.07E+18,collaborative_post,tagged_post,8295,,,25,,Image,2023-03-26T16:06:42.000Z,FALSE
3.06E+18,,tagged_post,1432,9872,65.466,9,24177,Reel,2023-03-22T09:11:15.000Z,FALSE
3.07E+18,,,6489,,,34,,Image,2023-03-25T16:14:05.000Z,FALSE
3.07E+18,,,2485,,,14,,Image,2023-03-30T04:40:19.000Z,FALSE
3.07E+18,,,2292,,,12,,Image,2023-03-28T04:51:16.000Z,FALSE
3.07E+18,,,1446,,,4,,Image,2023-03-31T02:45:05.000Z,FALSE
3.07E+18,,,2910,15116,53.3,23,39447,Reel,2023-03-24T12:04:36.000Z,FALSE
3.06E+18,,,1791,,,19,,Image,2023-03-22T04:19:21.000Z,FALSE
3.07E+18,collaborative_post,tagged_post,4755,,,14,,Image,2023-03-31T14:29:55.000Z,FALSE
3.06E+18,,,2532,11407,70.766,31,28472,Reel,2023-03-17T14:13:00.000Z,FALSE
3.07E+18,,,749,,,2,,Image,2023-03-31T15:37:39.000Z,FALSE
3.07E+18,,,6019,,,28,,Image,2023-03-29T05:50:50.000Z,FALSE
3.06E+18,,,1450,9446,71.533,39,26109,Reel,2023-03-14T12:30:00.000Z,FALSE
3.06E+18,,,2848,13291,65.166,21,35735,Reel,2023-03-10T13:54:54.000Z,FALSE
3.05E+18,collaborative_post,tagged_post,5836,25077,31.133,83,43847,Reel,2023-03-04T07:59:20.000Z,FALSE
3.05E+18,,,1491,8099,48.866,5,22291,Reel,2023-03-09T11:42:06.000Z,FALSE
3.06E+18,,,1952,9375,55.4,36,26113,Reel,2023-03-12T12:33:22.000Z,FALSE
3.06E+18,,,1018,6527,83.533,11,16845,Reel,2023-03-11T12:32:52.000Z,FALSE
3.06E+18,,,20358,116778,69.233,23,227112,Reel,2023-03-15T14:07:11.000Z,FALSE
3.05E+18,,,1997,9197,33.133,25,23715,Reel,2023-03-08T14:33:40.000Z,FALSE
3.05E+18,,,3434,17522,46.5,45,40776,Reel,2023-03-07T12:49:17.000Z,FALSE
3.05E+18,,,2036,10237,56.066,23,23494,Reel,2023-03-06T14:49:27.000Z,FALSE
3.06E+18,collaborative_post,tagged_post,2253,,,37,,Image,2023-03-12T14:46:18.000Z,FALSE
3.05E+18,,,2015,10063,73.533,19,25449,Reel,2023-03-05T12:46:57.000Z,FALSE
3.05E+18,,,3168,,,49,,Image,2023-02-28T00:27:48.000Z,FALSE
3.04E+18,,tagged_post,4718,,,46,,Image,2023-02-11T18:00:45.000Z,FALSE
3.03E+18,,,4447,,,23,,Image,2023-01-30T09:55:12.000Z,FALSE
3.01E+18,,,3854,,,40,,Image,2023-01-12T16:20:44.000Z,FALSE
3.04E+18,,,1882,10084,54.3,16,27400,Reel,2023-02-17T12:07:19.000Z,FALSE
3.03E+18,,,4500,,,23,,Image,2023-01-28T07:48:11.000Z,FALSE
3.05E+18,,,2230,9150,60.633,36,23240,Reel,2023-03-04T06:38:15.000Z,FALSE
3.02E+18,,,1950,,,39,,Image,2023-01-24T12:06:35.000Z,FALSE
3.02E+18,,,2571,15078,42.366,39,33455,Reel,2023-01-17T17:58:45.000Z,FALSE
3.04E+18,collaborative_post,tagged_post,2717,26168,55.266,8,170088,Reel,2023-02-17T08:43:34.000Z,FALSE
3.05E+18,,,2752,,,10,,Image,2023-02-27T06:20:04.000Z,FALSE
3.00E+18,,,2380,,,3,,Image,2022-12-18T14:46:19.000Z,FALSE
2.98E+18,,,2600,14128,71.4,17,32934,Reel,2022-11-29T12:31:13.000Z,FALSE
3.00E+18,,,7005,,,71,,Image,2022-12-22T07:33:57.000Z,FALSE
3.00E+18,,,8977,,,79,,Image,2022-12-17T15:29:41.000Z,FALSE
3.05E+18,,,1419,9484,38.766,2,19122,Reel,2023-02-28T12:18:07.000Z,FALSE
2.98E+18,,,530,4171,56.733,19,7871,Reel,2022-12-01T11:03:46.000Z,FALSE
2.98E+18,,,1733,9977,75.333,5,27187,Reel,2022-11-30T11:48:00.000Z,FALSE
2.98E+18,,,1628,8633,81.566,8,18715,Reel,2022-11-28T14:17:17.000Z,FALSE
3.01E+18,,,734,6992,1302.617,2,,Reel,2023-01-10T18:20:10.000Z,FALSE
3.01E+18,,,2635,15545,72.033,22,34578,Reel,2023-01-02T07:28:51.000Z,FALSE
2.99E+18,,,1116,9134,2317.144,6,,Reel,2022-12-11T08:43:57.000Z,FALSE
3.00E+18,,,1872,11334,151.933,22,25298,Reel,2022-12-20T07:38:56.000Z,FALSE
2.99E+18,collaborative_post,tagged_post,21029,126252,30.733,64,252772,Reel,2022-12-09T13:08:27.000Z,FALSE
2.96E+18,,,4148,,,57,,Image,2022-11-04T04:45:37.000Z,FALSE
2.95E+18,,,4035,20295,56,17,48013,Reel,2022-10-21T16:10:29.000Z,FALSE
2.95E+18,,,1261,7908,46.8,10,18576,Reel,2022-10-18T12:47:22.000Z,FALSE
2.96E+18,,,1774,12273,242.633,35,27097,Reel,2022-10-25T18:41:56.000Z,FALSE
2.97E+18,,,2456,,,41,,Image,2022-11-11T18:41:15.000Z,FALSE
2.95E+18,,,1398,,,16,,Image,2022-10-16T10:10:58.000Z,FALSE
2.98E+18,collaborative_post,tagged_post,12211,,,50,,Image,2022-11-22T07:45:17.000Z,FALSE
2.96E+18,collaborative_post,tagged_post,3758,,,25,,Image,2022-10-24T14:35:16.000Z,FALSE
2.96E+18,collaborative_post,tagged_post,33254,171710,40.666,66,336026,Reel,2022-10-27T04:51:15.000Z,FALSE
2.96E+18,,,4028,26944,60.833,20,55833,Reel,2022-10-31T14:01:46.000Z,FALSE
2.95E+18,,,2565,13912,48.166,18,36875,Reel,2022-10-17T11:06:19.000Z,FALSE
2.94E+18,,,1381,,,18,,Image,2022-10-01T11:47:58.000Z,FALSE
2.93E+18,,,5241,,,18,,Image,2022-09-18T14:21:43.000Z,FALSE
2.93E+18,,,2448,21000,6.533,11,33427,Reel,2022-09-24T15:57:21.000Z,FALSE
2.95E+18,collaborative_post,tagged_post,3208,,,66,,Image,2022-10-09T17:27:46.000Z,FALSE
2.94E+18,,,2508,56581,79.033,17,42437,Reel,2022-10-08T16:58:51.000Z,FALSE
2.93E+18,,,5357,,,8,,Image,2022-09-17T10:24:05.000Z,FALSE
2.95E+18,,,4432,,,8,,Image,2022-10-12T13:46:42.000Z,FALSE
2.93E+18,,,2682,67769,31.933,24,53037,Reel,2022-09-24T04:02:28.000Z,FALSE
2.95E+18,,,11385,,,15,,carousel,2022-10-12T15:07:22.000Z,FALSE
2.94E+18,collaborative_post,tagged_post,6045,33073,408.066,141,49729,Reel,2022-10-05T12:09:19.000Z,FALSE
2.95E+18,,,2102,12223,60.266,9,29071,Reel,2022-10-19T06:24:12.000Z,FALSE
2.93E+18,collaborative_post,tagged_post,923,,,7,,Image,2022-09-14T06:05:02.000Z,FALSE
2.93E+18,,,956,26827,39.933,8,26868,Reel,2022-09-16T17:32:42.000Z,FALSE
2.92E+18,,,636,,,12,,Image,2022-09-05T03:13:26.000Z,FALSE
2.92E+18,,,1389,10602,12.833,14,21882,Reel,2022-09-04T12:49:33.000Z,FALSE
2.92E+18,,,11169,346808,44.833,34,1192034,Reel,2022-09-06T10:43:22.000Z,FALSE
2.92E+18,,tagged_post,3537,24651,17.733,31,50263,Reel,2022-09-03T07:10:07.000Z,FALSE
2.92E+18,collaborative_post,tagged_post,3523,41671,75.633,22,88869,Reel,2022-09-09T13:55:54.000Z,FALSE
2.91E+18,,tagged_post,2138,28194,73.666,14,66535,Reel,2022-08-28T10:25:49.000Z,FALSE
2.92E+18,,,1776,,,9,,Image,2022-09-03T03:59:03.000Z,FALSE
2.92E+18,,,824,,,14,,Image,2022-08-31T04:57:26.000Z,FALSE
2.92E+18,,tagged_post,3876,,,18,,carousel,2022-09-03T07:57:08.000Z,FALSE
2.92E+18,,,5160,29702,56.533,44,76688,Reel,2022-09-08T12:17:28.000Z,FALSE
2.91E+18,,,2716,14725,86.733,33,34721,Reel,2022-08-26T17:22:05.000Z,FALSE
2.92E+18,,,2363,14189,70.033,31,32645,Reel,2022-09-02T07:14:57.000Z,FALSE
2.91E+18,,,4425,53335,58.933,27,100524,Reel,2022-08-17T08:18:23.000Z,FALSE
2.91E+18,collaborative_post,tagged_post,2000,9932,41.333,19,22218,Reel,2022-08-17T05:31:28.000Z,FALSE
2.91E+18,collaborative_post,tagged_post,12929,,,88,,Image,2022-08-15T14:17:42.000Z,FALSE
2.91E+18,,,1585,,,27,,Image,2022-08-18T08:15:10.000Z,FALSE
2.91E+18,,,4931,38430,59.6,48,77856,Reel,2022-08-22T09:23:54.000Z,FALSE
2.91E+18,,,4513,,,13,,Image,2022-08-15T10:59:18.000Z,FALSE
2.91E+18,,,930,6847,2567.054,9,,Reel,2022-08-22T12:40:24.000Z,FALSE
2.90E+18,,,4758,,,217,,Image,2022-08-01T19:27:05.000Z,FALSE
2.91E+18,,tagged_post,1253,12982,14.633,15,23788,Reel,2022-08-24T03:54:44.000Z,FALSE
2.90E+18,,tagged_post,2596,14465,32.733,26,32795,Reel,2022-08-03T17:29:35.000Z,FALSE
2.91E+18,,,904,,,17,,Image,2022-08-22T09:41:42.000Z,FALSE
2.91E+18,,,2175,14958,63.633,30,41561,Reel,2022-08-26T10:21:11.000Z,FALSE
2.89E+18,,,3195,30370,29.333,22,75979,Reel,2022-07-29T16:56:20.000Z,FALSE
2.89E+18,,,351,,,1,,Image,2022-07-19T11:39:47.000Z,FALSE
2.88E+18,,,4581,39829,49.833,16,132522,Reel,2022-07-13T06:11:58.000Z,FALSE
2.88E+18,,,3626,25511,50.166,21,69677,Reel,2022-07-11T10:53:47.000Z,FALSE
2.89E+18,,,2255,19162,59.133,9,58096,Reel,2022-07-25T09:58:30.000Z,FALSE
2.89E+18,,,1310,12931,2.866,28,29087,Reel,2022-08-01T04:25:47.000Z,FALSE
2.89E+18,,,585,6747,15,0,12819,Reel,2022-07-29T19:13:47.000Z,FALSE
2.89E+18,,,576,,,7,,Image,2022-07-19T07:28:09.000Z,FALSE
2.89E+18,,,1623,11635,60.133,4,27377,Reel,2022-07-22T13:26:45.000Z,FALSE
2.89E+18,,,2992,22558,49,11,77217,Reel,2022-07-22T07:37:44.000Z,FALSE
2.88E+18,,,825,,,19,,Image,2022-07-15T04:47:37.000Z,FALSE
2.88E+18,,,1605,,,15,,Image,2022-07-10T13:23:22.000Z,FALSE
2.87E+18,collaborative_post,tagged_post,865,,,10,,Image,2022-06-23T11:20:12.000Z,FALSE
2.87E+18,collaborative_post,tagged_post,1251,9004,37.633,2,20935,Reel,2022-07-02T05:05:25.000Z,FALSE
2.87E+18,,tagged_post,13364,279179,5.833,28,397672,Reel,2022-07-03T07:53:14.000Z,FALSE
2.87E+18,,tagged_post,1934,,,5,,Image,2022-06-25T17:31:37.000Z,FALSE
2.87E+18,,tagged_post,634,6345,11.966,1,12724,Reel,2022-07-03T02:26:02.000Z,FALSE
2.87E+18,collaborative_post,tagged_post,2149,16145,43.133,16,,Reel,2022-06-28T10:31:05.000Z,FALSE
2.87E+18,,,1325,11209,33.266,30,,Reel,2022-07-01T05:06:05.000Z,FALSE
2.87E+18,,,3762,,,34,,Image,2022-06-23T12:34:58.000Z,FALSE
2.87E+18,,,5966,,,13,,carousel,2022-07-03T05:28:49.000Z,FALSE
2.87E+18,,,5386,66796,41.166,18,157550,Reel,2022-07-02T13:53:25.000Z,FALSE
2.87E+18,,,1359,,,1,,Image,2022-07-03T02:44:06.000Z,FALSE
2.86E+18,,tagged_post,1050,17824,519.533,2,,Reel,2022-06-11T18:49:08.000Z,FALSE
2.86E+18,,tagged_post,862,8473,40.966,3,,Reel,2022-06-14T10:39:31.000Z,FALSE
2.86E+18,,,879,,,5,,Image,2022-06-17T08:43:38.000Z,FALSE
2.86E+18,,,2408,14631,43.333,19,30962,Reel,2022-06-09T07:50:36.000Z,FALSE
2.87E+18,,,591,,,9,,Image,2022-06-23T07:52:06.000Z,FALSE
2.86E+18,,,3787,,,19,,Image,2022-06-12T09:19:28.000Z,FALSE
2.86E+18,,tagged_post,4888,94668,3.533,18,157488,Reel,2022-06-19T12:54:49.000Z,FALSE
2.86E+18,,tagged_post,1258,,,6,,Image,2022-06-19T13:00:21.000Z,FALSE
2.86E+18,,tagged_post,1919,15633,19.7,26,26966,Reel,2022-06-18T15:55:01.000Z,FALSE
2.86E+18,,,1479,,,6,,Image,2022-06-11T06:37:43.000Z,FALSE
2.86E+18,,,7627,168892,60,29,,Reel,2022-06-17T08:12:25.000Z,FALSE
2.86E+18,,,1677,16186,1.466,8,,Reel,2022-06-12T09:41:33.000Z,FALSE
2.83E+18,collaborative_post,tagged_post,594,7862,35.733,13,19716,Reel,2022-05-06T12:19:43.000Z,FALSE
2.84E+18,,tagged_post,2155,,,2,,Image,2022-05-10T18:00:03.000Z,FALSE
2.87E+18,,tagged_post,2105,20779,41.833,39,76996,Reel,2022-07-01T09:57:46.000Z,FALSE
2.84E+18,,,3198,,,15,,Image,2022-05-14T09:13:00.000Z,FALSE
2.84E+18,,,1080,,,17,,Image,2022-05-22T04:55:36.000Z,FALSE
2.84E+18,,tagged_post,2710,,,34,,Image,2022-05-19T08:29:54.000Z,FALSE
2.86E+18,,,2338,17068,40.266,33,,Reel,2022-06-08T14:29:01.000Z,FALSE
2.84E+18,,tagged_post,1294,,,5,,Image,2022-05-10T14:57:57.000Z,FALSE
2.84E+18,,tagged_post,2035,,,118,,Image,2022-05-19T10:56:08.000Z,FALSE
2.84E+18,,tagged_post,2657,,,5,,Image,2022-05-14T11:55:29.000Z,FALSE
2.84E+18,collaborative_post,tagged_post,23939,119563,48.233,91,243796,Reel,2022-05-19T14:31:13.000Z,FALSE
2.86E+18,collaborative_post,tagged_post,9898,72847,47.633,18,144777,Reel,2022-06-08T15:15:36.000Z,FALSE
2.85E+18,collaborative_post,tagged_post,1979,,,6,,Image,2022-05-25T12:44:35.000Z,FALSE
2.83E+18,,,2449,,,8,,Image,2022-05-03T17:16:41.000Z,FALSE
2.83E+18,,,1993,,,41,,Image,2022-04-30T11:07:01.000Z,FALSE
2.83E+18,,,4183,,,21,,Image,2022-05-05T06:23:54.000Z,FALSE
2.83E+18,collaborative_post,tagged_post,12034,,,53,,Image,2022-04-29T13:07:13.000Z,FALSE
2.82E+18,,tagged_post,4691,,,88,,Image,2022-04-23T10:01:26.000Z,FALSE
2.83E+18,,tagged_post,2178,,,2,,Image,2022-04-28T08:31:34.000Z,FALSE
2.82E+18,,tagged_post,2751,,,23,,Image,2022-04-21T02:07:24.000Z,FALSE
2.83E+18,,,1887,13338,35.966,68,29311,Reel,2022-04-29T04:57:50.000Z,FALSE
2.83E+18,collaborative_post,tagged_post,4857,,,27,,Image,2022-05-03T18:51:06.000Z,FALSE
2.82E+18,,,1508,,,11,,Image,2022-04-14T16:39:17.000Z,FALSE
2.82E+18,,,6501,,,113,,Image,2022-04-19T09:40:37.000Z,FALSE
2.81E+18,,tagged_post,7630,,,44,,Image,2022-04-01T15:47:23.000Z,FALSE
2.82E+18,,,4429,,,16,,Image,2022-04-14T13:35:27.000Z,FALSE
2.81E+18,,,4909,,,104,,Image,2022-04-11T05:08:30.000Z,FALSE
2.83E+18,,,4698,,,33,,Image,2022-05-04T12:30:23.000Z,FALSE
2.82E+18,,,999,25626,52.033,17,,Reel,2022-04-14T08:02:29.000Z,FALSE
2.81E+18,,,3264,,,14,,Image,2022-03-31T09:46:58.000Z,FALSE
2.82E+18,,tagged_post,2669,,,8,,Image,2022-04-20T17:27:53.000Z,FALSE
2.82E+18,,,2604,,,62,,Image,2022-04-14T10:39:51.000Z,FALSE
2.82E+18,,tagged_post,1424,12541,47.333,6,27836,Reel,2022-04-15T12:30:27.000Z,FALSE
2.82E+18,,,4920,,,51,,Image,2022-04-19T09:32:19.000Z,FALSE
2.81E+18,,,4462,,,27,,Image,2022-04-05T17:38:35.000Z,FALSE
2.80E+18,,,8719,,,91,,carousel,2022-03-29T03:14:17.000Z,FALSE
2.81E+18,,,7882,,,67,,carousel,2022-03-31T08:52:57.000Z,FALSE
2.80E+18,,,3933,,,93,,Image,2022-03-17T02:51:37.000Z,FALSE
2.79E+18,,,2294,14066,59.833,52,33664,Reel,2022-03-12T04:46:18.000Z,FALSE
2.80E+18,,,3133,,,13,,Image,2022-03-27T18:39:08.000Z,FALSE
2.79E+18,,,3942,,,47,,Image,2022-03-16T04:52:01.000Z,FALSE
2.80E+18,,,2006,18545,57.166,46,,Reel,2022-03-17T07:51:16.000Z,FALSE
2.79E+18,,,13580,,,909,,Image,2022-03-06T07:32:06.000Z,FALSE
2.79E+18,,,1492,12103,59.166,6,30285,Reel,2022-03-13T12:55:11.000Z,FALSE
2.80E+18,,tagged_post,9449,,,137,,carousel,2022-03-26T05:58:22.000Z,FALSE
2.80E+18,,,11764,,,224,,Image,2022-03-23T02:05:27.000Z,FALSE
2.80E+18,,,5422,,,20,,Image,2022-03-24T07:27:40.000Z,FALSE
2.83E+18,collaborative_post,tagged_post,1762,,,2,,Image,2022-04-29T18:06:16.000Z,FALSE
2.83E+18,,tagged_post,1279,,,5,,Image,2022-04-28T08:22:00.000Z,FALSE
2.77E+18,,,1836,12724,54.266,31,28233,Reel,2022-02-12T05:51:58.000Z,FALSE
2.77E+18,,,2255,12725,37.066,19,29449,Reel,2022-02-03T13:13:43.000Z,FALSE
2.74E+18,,,5643,,,43,,Image,2021-12-26T07:38:37.000Z,FALSE
2.78E+18,,,2344,16534,30.566,31,42475,Reel,2022-02-22T05:29:22.000Z,FALSE
2.77E+18,,,967,6194,48.033,7,16303,Reel,2022-02-10T05:13:11.000Z,FALSE
2.75E+18,,,1115,,,9,,Image,2022-01-10T14:08:12.000Z,FALSE
2.74E+18,,,6812,,,37,,Image,2021-12-26T12:22:02.000Z,FALSE
2.77E+18,,,917,5717,37.266,13,,Reel,2022-02-11T03:57:33.000Z,FALSE
2.73E+18,,,2089,64504,28.866,17,,Reel,2021-12-11T08:42:15.000Z,FALSE
2.78E+18,,,8140,,,621,,Image,2022-02-28T17:52:59.000Z,FALSE
2.74E+18,,,3625,,,11,,Image,2021-12-28T12:59:51.000Z,FALSE
2.74E+18,,,2457,12235,59.933,86,29012,Reel,2022-01-02T07:37:48.000Z,FALSE
2.67E+18,,,1590,26557,58.966,28,,Reel,2021-09-23T04:15:49.000Z,FALSE
2.66E+18,,,1774,8663,35.933,24,19726,Reel,2021-09-06T10:45:16.000Z,FALSE
2.70E+18,,,3034,,,17,,Image,2021-11-08T14:58:32.000Z,FALSE
2.67E+18,,,4211,90848,36.266,34,,Reel,2021-09-30T10:05:54.000Z,FALSE
2.67E+18,,,615,5387,2668.061,5,,Reel,2021-09-25T14:49:39.000Z,FALSE
2.67E+18,,,477,,,2,,Image,2021-09-23T15:46:37.000Z,FALSE
2.71E+18,,,1056,,,30,,Image,2021-11-14T13:55:24.000Z,FALSE
2.64E+18,,,1988,,,36,,Image,2021-08-15T17:52:42.000Z,FALSE
2.67E+18,,,1569,,,12,,Image,2021-09-29T08:48:21.000Z,FALSE
2.66E+18,,,1533,9326,51.033,17,24458,Reel,2021-09-13T10:27:53.000Z,FALSE
2.68E+18,,,1198,6298,51.266,57,15922,Reel,2021-10-14T07:58:44.000Z,FALSE
2.70E+18,,,1029,5258,59.266,29,12413,Reel,2021-11-02T07:59:23.000Z,FALSE
2.64E+18,,,2477,11940,49.933,32,25656,Reel,2021-08-12T09:20:47.000Z,FALSE
2.61E+18,,,6027,133653,33.566,25,,Reel,2021-06-28T16:38:27.000Z,FALSE
2.57E+18,,,2698,14633,18,165,,Reel,2021-05-16T05:25:40.000Z,FALSE
2.60E+18,,,1730,,,24,,Image,2021-06-22T10:52:33.000Z,FALSE
2.60E+18,,,3718,,,67,,Image,2021-06-19T15:47:56.000Z,FALSE
2.57E+18,,,3348,,,29,,Image,2021-05-05T06:22:27.000Z,FALSE
2.63E+18,,,2333,13628,38.4,35,27410,Reel,2021-08-05T09:23:12.000Z,FALSE
2.62E+18,,,2450,11375,18.733,17,,Reel,2021-07-23T11:47:24.000Z,FALSE
2.62E+18,,,8914,180872,44.033,40,,Reel,2021-07-21T09:32:47.000Z,FALSE
2.60E+18,,,2871,,,106,,Image,2021-06-20T06:35:21.000Z,FALSE
2.59E+18,,,3770,17824,56.933,57,,Reel,2021-06-03T06:50:24.000Z,FALSE
2.62E+18,,,3036,,,34,,Image,2021-07-22T16:50:11.000Z,FALSE
2.53E+18,,,2817,14770,96.566,203,,Reel,2021-03-11T15:14:48.000Z,FALSE
2.47E+18,,,1289,,,206,,Image,2020-12-28T06:12:53.000Z,FALSE
2.50E+18,,,3210,14515,43.833,93,,Reel,2021-01-29T16:42:25.000Z,FALSE
2.52E+18,,,1030,7920,1357.471,6,,Reel,2021-03-02T15:43:24.000Z,FALSE
2.51E+18,,,2821,,,83,,Image,2021-02-15T13:10:26.000Z,FALSE
2.51E+18,,,1245,9033,4166.202,13,,Reel,2021-02-11T16:28:07.000Z,FALSE
2.47E+18,,,1093,,,340,,Image,2020-12-27T08:18:03.000Z,FALSE
2.47E+18,,,1059,,,146,,Image,2020-12-29T08:45:36.000Z,FALSE
2.48E+18,,,1215,,,11,,Image,2021-01-05T10:00:57.000Z,FALSE
2.48E+18,,,1498,10377,3918.349,21,,Reel,2021-01-03T10:10:04.000Z,FALSE
2.52E+18,,,1637,9342,14.8,24,,Reel,2021-03-02T09:04:02.000Z,FALSE
2.57E+18,,,4388,,,22,,carousel,2021-05-04T10:06:04.000Z,FALSE
2.47E+18,,,2171,,,981,,Image,2020-12-21T03:06:30.000Z,FALSE
2.47E+18,,,1526,,,641,,Image,2020-12-22T03:40:15.000Z,FALSE
2.47E+18,,,1290,,,583,,Image,2020-12-23T02:33:12.000Z,FALSE
2.45E+18,,,2076,12010,58.933,94,,Reel,2020-11-27T14:22:53.000Z,FALSE
2.45E+18,,,1769,,,8,,Image,2020-12-01T14:15:06.000Z,FALSE
2.47E+18,,,1156,7353,39.2,11,,Reel,2020-12-18T07:24:17.000Z,FALSE
2.45E+18,,,2952,15111,116.766,35,,Reel,2020-11-20T12:21:10.000Z,FALSE
2.47E+18,,,1403,8974,38.866,547,,Reel,2020-12-25T05:26:11.000Z,FALSE
2.46E+18,,,3989,,,18,,Image,2020-12-07T16:28:39.000Z,FALSE
2.47E+18,,,4050,61274,53.766,338,,Reel,2020-12-20T14:17:35.000Z,FALSE
2.47E+18,,,1395,,,545,,Image,2020-12-26T05:01:04.000Z,FALSE
2.47E+18,,,1205,,,298,,Image,2020-12-24T02:25:58.000Z,FALSE
2.43E+18,,,2509,,,61,,Image,2020-11-01T12:47:34.000Z,FALSE
2.40E+18,,,5824,,,106,,Image,2020-09-12T04:42:06.000Z,FALSE
2.45E+18,,,8094,,,132,,Image,2020-11-19T08:54:00.000Z,FALSE
2.44E+18,,,1829,14303,118.166,99,,Reel,2020-11-17T11:53:19.000Z,FALSE
2.43E+18,,,1272,9952,5054.557,13,,Reel,2020-10-31T16:52:32.000Z,FALSE
2.43E+18,,,3619,56995,45.533,46,,Reel,2020-11-02T12:00:14.000Z,FALSE
2.41E+18,,,1663,,,13,,Image,2020-10-03T12:53:07.000Z,FALSE
2.43E+18,,,3249,,,18,,Image,2020-10-30T13:05:34.000Z,FALSE
2.41E+18,,,1479,,,27,,Image,2020-10-06T10:03:59.000Z,FALSE
2.39E+18,,,2592,19701,737.6,118,,Reel,2020-09-08T05:24:44.000Z,FALSE
2.44E+18,,,2006,8511,33.506,85,,Reel,2020-11-14T11:21:54.000Z,FALSE
2.39E+18,,,2178,,,34,,Image,2020-09-05T18:37:13.000Z,FALSE
2.34E+18,,,2276,,,61,,Image,2020-06-30T15:30:47.000Z,FALSE
2.34E+18,,,4349,,,49,,Image,2020-06-26T16:11:15.000Z,FALSE
2.34E+18,,,2055,16029,531.366,41,,Reel,2020-06-29T10:18:30.000Z,FALSE
2.38E+18,,,1208,12973,2730.333,20,,Reel,2020-08-16T16:37:17.000Z,FALSE
2.36E+18,,,1704,14230,34.033,278,,Reel,2020-07-28T09:37:26.000Z,FALSE
2.37E+18,,,2619,,,34,,Image,2020-08-07T15:21:49.000Z,FALSE
2.38E+18,,,3116,,,41,,Image,2020-08-22T09:12:35.000Z,FALSE
2.37E+18,,,2588,15877,6.366,87,,Reel,2020-08-02T04:47:58.000Z,FALSE
2.35E+18,,,2010,10683,47.566,31,,Reel,2020-07-04T13:09:45.000Z,FALSE
2.34E+18,,,2175,,,31,,Image,2020-07-03T03:17:14.000Z,FALSE
2.36E+18,,,2758,56768,30.333,21,,Reel,2020-07-19T07:07:24.000Z,FALSE
2.34E+18,,,3528,84761,44,22,,Reel,2020-06-24T15:04:18.000Z,FALSE
2.30E+18,,,1584,9343,39,21,,Reel,2020-04-25T10:26:11.000Z,FALSE
2.32E+18,,,1949,,,23,,Image,2020-05-25T10:24:22.000Z,FALSE
2.31E+18,,,3856,,,18,,Image,2020-05-18T06:04:03.000Z,FALSE
2.31E+18,,,900,7549,3542.09,12,,Reel,2020-05-16T13:34:03.000Z,FALSE
2.32E+18,,,560,6744,1995.83,6,,Reel,2020-05-24T08:28:36.000Z,FALSE
2.32E+18,,,852,8401,559.933,32,,Reel,2020-05-31T09:00:27.000Z,FALSE
2.28E+18,,,1109,8967,26.966,22,,Reel,2020-04-10T09:36:17.000Z,FALSE
2.32E+18,,,935,9772,1982.321,7,,Reel,2020-05-28T06:22:49.000Z,FALSE
2.30E+18,,,2379,105417,34.733,45,,Reel,2020-05-01T12:20:37.000Z,FALSE
2.31E+18,,,2709,13825,17.333,41,,Reel,2020-05-17T04:51:30.000Z,FALSE
2.27E+18,,,1954,,,25,,Image,2020-03-18T03:29:23.000Z,FALSE
2.25E+18,,,1184,6791,138.233,42,,Reel,2020-02-24T10:43:37.000Z,FALSE
2.28E+18,,,863,,,9,,Image,2020-04-02T11:49:18.000Z,FALSE
2.28E+18,,,5285,245393,42.666,91,,Reel,2020-04-03T09:07:32.000Z,FALSE
2.28E+18,,,1355,7848,44.166,33,,Reel,2020-03-31T15:02:19.000Z,FALSE
2.28E+18,,,1379,,,16,,Image,2020-03-31T02:07:56.000Z,FALSE
2.28E+18,,,1317,9915,206.666,180,,Reel,2020-04-09T16:22:20.000Z,FALSE
2.26E+18,,,943,5714,375.16,29,,Reel,2020-03-05T14:22:36.000Z,FALSE
2.25E+18,,,2479,,,15,,Image,2020-02-21T11:59:10.000Z,FALSE
2.26E+18,,,907,7031,201.066,40,,Reel,2020-03-07T09:20:24.000Z,FALSE
2.26E+18,,,647,4418,58.1,20,,Reel,2020-03-01T17:25:24.000Z,FALSE
2.26E+18,,,882,6739,133.9,14,,Reel,2020-03-03T10:07:25.000Z,FALSE
2.24E+18,,,1238,13536,34.633,59,,Reel,2020-02-03T09:54:51.000Z,FALSE
2.24E+18,,,759,6059,53.533,47,,Reel,2020-02-12T15:44:32.000Z,FALSE
2.21E+18,,,3525,,,32,,Image,2020-01-05T14:18:01.000Z,FALSE
2.21E+18,,,1253,,,5,,Image,2019-12-31T08:54:41.000Z,FALSE
2.22E+18,,,2401,,,20,,Image,2020-01-12T12:44:17.000Z,FALSE
2.25E+18,,,2327,,,30,,Image,2020-02-19T05:13:04.000Z,FALSE
2.21E+18,,,1114,,,8,,Image,2019-12-31T00:45:02.000Z,FALSE
2.21E+18,,,865,,,1,,Image,2019-12-31T01:17:54.000Z,FALSE
2.21E+18,,,1376,,,8,,Image,2019-12-31T09:04:55.000Z,FALSE
2.21E+18,,,1117,,,5,,Image,2019-12-31T08:48:17.000Z,FALSE
2.23E+18,,,1313,,,1,,Image,2020-01-23T06:01:04.000Z,FALSE
2.22E+18,,,3608,,,17,,Image,2020-01-15T08:23:15.000Z,FALSE
2.32E+18,,,1916,,,12,,Image,2020-05-27T16:18:32.000Z,FALSE
2.21E+18,,,3119,,,19,,Image,2019-12-28T07:39:06.000Z,FALSE
2.19E+18,,,1553,,,6,,carousel,2019-12-09T04:15:15.000Z,FALSE
2.21E+18,,,1685,,,9,,Image,2019-12-29T04:08:53.000Z,FALSE
2.21E+18,,,1308,,,5,,Image,2019-12-30T03:36:16.000Z,FALSE
2.21E+18,,,1916,,,18,,Image,2019-12-29T12:07:08.000Z,FALSE
2.21E+18,,,3115,,,18,,Image,2019-12-29T02:27:02.000Z,FALSE
2.21E+18,,,2793,,,20,,Image,2019-12-31T00:35:06.000Z,FALSE
2.21E+18,,,2048,,,12,,Image,2019-12-28T07:32:58.000Z,FALSE
2.20E+18,,,5198,,,34,,Image,2019-12-15T19:24:18.000Z,FALSE
2.21E+18,,,1155,,,8,,Image,2019-12-30T08:44:06.000Z,FALSE
2.21E+18,,,2372,,,21,,Image,2019-12-29T12:50:55.000Z,FALSE
2.31E+18,,,1314,11600,264.466,61,,Reel,2020-05-18T12:59:05.000Z,FALSE
2.18E+18,,,1171,0,118.6,14,,Reel,2019-11-14T13:38:22.000Z,FALSE
2.21E+18,,,1085,,,3,,Image,2019-12-29T11:08:59.000Z,FALSE
2.19E+18,,,2303,,,28,,Image,2019-12-07T06:40:13.000Z,FALSE
2.19E+18,,,2102,,,5,,Image,2019-12-09T00:56:53.000Z,FALSE
2.19E+18,,,1349,,,6,,carousel,2019-12-09T01:00:54.000Z,FALSE
2.19E+18,,,3609,,,31,,Image,2019-12-09T00:52:29.000Z,FALSE
2.17E+18,,tagged_post,2127,,,3,,Image,2019-11-07T12:06:48.000Z,FALSE
2.19E+18,,,2178,,,30,,Image,2019-12-08T13:14:33.000Z,FALSE
2.19E+18,,,1609,,,7,,Image,2019-12-09T00:54:34.000Z,FALSE
2.19E+18,,,1279,,,8,,Image,2019-12-01T07:58:05.000Z,FALSE
2.17E+18,,,1104,0,115.8,32,,Reel,2019-11-05T12:05:12.000Z,FALSE
2.18E+18,,,2467,,,15,,Image,2019-11-14T16:55:16.000Z,FALSE
2.19E+18,,,1535,,,22,,Image,2019-12-03T08:51:35.000Z,FALSE
2.12E+18,,,1010,1,136.3,20,,Reel,2019-08-21T08:57:52.000Z,FALSE
2.17E+18,,,1965,,,21,,Image,2019-11-03T14:29:36.000Z,FALSE
2.13E+18,,,1265,,,10,,Image,2019-09-10T02:53:10.000Z,FALSE
2.11E+18,,,1151,,,11,,carousel,2019-08-12T17:07:01.000Z,FALSE
2.14E+18,,,1665,,,42,,Image,2019-09-26T18:32:36.000Z,FALSE
2.17E+18,,,1631,,,7,,Image,2019-10-31T05:36:35.000Z,FALSE
2.11E+18,,,2221,,,27,,Image,2019-08-11T04:51:33.000Z,FALSE
2.12E+18,,,943,,,9,,Image,2019-08-29T09:30:43.000Z,FALSE
2.15E+18,,,684,,,3,,Image,2019-10-14T08:03:08.000Z,FALSE
2.11E+18,,,1318,,,20,,Image,2019-08-14T04:51:58.000Z,FALSE
2.11E+18,,,1382,,,26,,Image,2019-08-07T09:26:27.000Z,FALSE
2.13E+18,,,1322,,,12,,Image,2019-09-10T13:08:59.000Z,FALSE
2.10E+18,,,687,0,122.4,9,,Reel,2019-08-06T06:39:29.000Z,FALSE
2.10E+18,,,952,0,15.5,14,,Reel,2019-07-28T19:58:22.000Z,FALSE
2.10E+18,,,2119,,,60,,Image,2019-07-25T10:21:10.000Z,FALSE
2.10E+18,,,642,,,11,,Image,2019-07-25T05:07:58.000Z,FALSE
2.10E+18,,,2214,,,29,,Image,2019-07-26T09:33:48.000Z,FALSE
2.10E+18,,,1024,0,82.9,31,,Reel,2019-07-31T02:37:28.000Z,FALSE
2.10E+18,,,2673,,,27,,Image,2019-08-01T15:55:08.000Z,FALSE
2.09E+18,,,757,,,21,,Image,2019-07-22T14:24:37.000Z,FALSE
2.10E+18,,,1311,,,19,,Image,2019-07-29T15:28:18.000Z,FALSE
2.10E+18,,,25018,,,46,,Image,2019-08-04T16:30:01.000Z,FALSE
2.10E+18,,,552,0,131.766,4,,Reel,2019-08-05T03:51:49.000Z,FALSE
2.09E+18,,,1572,,,47,,Image,2019-07-22T05:45:31.000Z,FALSE
2.09E+18,,tagged_post,992,,,11,,Image,2019-07-10T16:17:06.000Z,FALSE
2.06E+18,,,767,,,2,,Image,2019-06-11T04:00:03.000Z,FALSE
2.06E+18,,,714,,,3,,Image,2019-06-09T14:55:47.000Z,FALSE
2.06E+18,,,860,,,4,,Image,2019-06-09T13:58:40.000Z,FALSE
2.06E+18,,,457,,,1,,Image,2019-06-09T05:26:20.000Z,FALSE
2.08E+18,,,876,,,14,,Image,2019-07-07T16:35:42.000Z,FALSE
2.06E+18,,,426,,,0,,Image,2019-06-09T05:24:02.000Z,FALSE
2.09E+18,,,1827,,,27,,Image,2019-07-21T11:14:59.000Z,FALSE
2.07E+18,,,2246,,,5,,Image,2019-06-22T08:01:23.000Z,FALSE
2.06E+18,,,733,,,6,,Image,2019-06-09T05:23:18.000Z,FALSE
2.06E+18,,,553,,,1,,Image,2019-06-09T05:25:03.000Z,FALSE
2.09E+18,,,1521,,,31,,Image,2019-07-14T16:33:25.000Z,FALSE
2.06E+18,,,1249,,,10,,Image,2019-06-03T10:55:03.000Z,FALSE
2.06E+18,,,502,,,0,,Image,2019-06-06T07:32:04.000Z,FALSE
2.06E+18,,,971,,,2,,Image,2019-06-09T05:21:55.000Z,FALSE
2.06E+18,,,822,,,5,,Image,2019-06-06T07:36:37.000Z,FALSE
2.06E+18,,,539,,,1,,Image,2019-06-06T07:35:17.000Z,FALSE
2.06E+18,,,1208,,,14,,Image,2019-06-08T15:55:53.000Z,FALSE
2.06E+18,,,889,,,2,,Image,2019-06-06T07:33:46.000Z,FALSE
2.06E+18,,,919,,,5,,Image,2019-06-06T07:31:08.000Z,FALSE
2.06E+18,,,618,,,3,,Image,2019-06-03T04:51:01.000Z,FALSE
2.06E+18,,,1000,,,3,,Image,2019-06-05T11:27:33.000Z,FALSE
2.06E+18,,,1596,,,25,,carousel,2019-06-04T04:51:10.000Z,FALSE
2.06E+18,,,1396,,,13,,Image,2019-06-02T18:03:19.000Z,FALSE
2.06E+18,,,1082,,,7,,Image,2019-06-03T04:48:00.000Z,FALSE
2.06E+18,,,818,,,3,,Image,2019-06-02T04:27:09.000Z,FALSE
2.06E+18,,,1508,,,6,,Image,2019-06-01T14:25:37.000Z,FALSE
2.06E+18,,,1387,,,9,,Image,2019-06-02T11:54:04.000Z,FALSE
2.06E+18,,,847,,,6,,Image,2019-06-03T04:46:51.000Z,FALSE
2.06E+18,,,1826,,,20,,Image,2019-06-03T04:45:40.000Z,FALSE
2.06E+18,,,1387,,,4,,Image,2019-06-02T04:32:36.000Z,FALSE
2.06E+18,,,953,,,5,,Image,2019-06-02T04:29:02.000Z,FALSE
2.06E+18,,,713,,,0,,Image,2019-06-03T04:49:52.000Z,FALSE
2.06E+18,,,1471,,,12,,Image,2019-06-02T18:35:54.000Z,FALSE
2.06E+18,,,875,,,8,,Image,2019-06-02T04:30:58.000Z,FALSE
2.06E+18,,,1195,,,1,,Image,2019-06-01T03:10:17.000Z,FALSE
2.06E+18,,,1252,,,6,,Image,2019-05-31T17:28:54.000Z,FALSE
2.06E+18,,,654,,,2,,Image,2019-06-01T03:07:53.000Z,FALSE
2.06E+18,,,2660,,,28,,Image,2019-06-01T03:15:39.000Z,FALSE
2.06E+18,,,478,1,22.866,3,,Reel,2019-05-31T17:55:20.000Z,FALSE
2.06E+18,,,1818,,,8,,Image,2019-06-01T03:13:06.000Z,FALSE
2.07E+18,,,2246,,,5,,Image,2019-06-22T08:01:23.000Z,FALSE
2.06E+18,,,1215,,,4,,Image,2019-05-30T11:13:44.000Z,FALSE
2.06E+18,,,1420,,,10,,Image,2019-05-31T08:29:51.000Z,FALSE
2.06E+18,,,920,,,5,,Image,2019-05-30T07:51:53.000Z,FALSE
2.06E+18,,,1140,,,3,,Image,2019-05-31T17:30:49.000Z,FALSE
2.06E+18,,,921,,,3,,Image,2019-05-31T05:52:02.000Z,FALSE
2.06E+18,,,1805,,,12,,Image,2019-05-30T15:46:39.000Z,FALSE
2.06E+18,,,793,,,1,,carousel,2019-06-05T07:18:40.000Z,FALSE
2.06E+18,,,1274,,,13,,Image,2019-05-30T06:29:24.000Z,FALSE
2.05E+18,,,1311,,,12,,Image,2019-05-28T17:38:43.000Z,FALSE
2.05E+18,,,1852,,,17,,Image,2019-05-29T16:03:36.000Z,FALSE
2.05E+18,,,874,1,60,36,,Reel,2019-05-26T09:24:57.000Z,FALSE
2.06E+18,,,1422,,,9,,carousel,2019-05-30T07:00:07.000Z,FALSE
2.02E+18,,,645,0,12.1,13,,Reel,2019-04-10T08:05:11.000Z,FALSE
2.05E+18,,,1223,2,60,44,,Reel,2019-05-20T09:51:28.000Z,FALSE
2.01E+18,,,738,,,17,,Image,2019-03-27T09:01:03.000Z,FALSE
2.05E+18,,,2180,,,15,,carousel,2019-05-28T21:47:38.000Z,FALSE
2.01E+18,,,1978,1,48.2,12,,Reel,2019-03-27T04:42:47.000Z,FALSE
2.02E+18,,,1039,,,22,,Image,2019-04-06T20:04:36.000Z,FALSE
2.00E+18,,,1000,0,43.133,29,,Reel,2019-03-18T08:42:32.000Z,FALSE
2.00E+18,,,985,1,25.733,15,,Reel,2019-03-09T11:12:30.000Z,FALSE
2.00E+18,,,3658,1,56.566,27,,Reel,2019-03-11T11:49:09.000Z,FALSE
1.98E+18,,,1577,,,37,,Image,2019-02-11T16:16:10.000Z,FALSE
2.01E+18,,,1181,,,41,,Image,2019-03-25T15:28:15.000Z,FALSE
1.98E+18,,,1970,,,36,,Image,2019-02-13T04:56:39.000Z,FALSE
1.97E+18,,,1392,,,4,,Image,2019-02-08T17:36:16.000Z,FALSE
2.00E+18,,,578,,,18,,Image,2019-03-08T14:52:02.000Z,FALSE
1.98E+18,,,827,,,17,,Image,2019-02-14T08:20:29.000Z,FALSE
1.97E+18,,,1234,,,6,,Image,2019-02-01T07:35:02.000Z,FALSE
1.97E+18,,,1299,,,61,,Image,2019-02-04T16:04:06.000Z,FALSE
1.97E+18,,,1962,,,15,,Image,2019-02-01T07:00:13.000Z,FALSE
1.95E+18,,,793,,,10,,Image,2019-01-06T14:34:13.000Z,FALSE
1.97E+18,,,1322,,,24,,Image,2019-01-31T12:27:04.000Z,FALSE
1.95E+18,,,993,,,3,,Image,2019-01-09T11:54:44.000Z,FALSE
1.95E+18,,,607,,,6,,Image,2019-01-01T05:55:30.000Z,FALSE
1.95E+18,,,2696,,,22,,Image,2019-01-11T13:21:27.000Z,FALSE
1.96E+18,,,1690,,,13,,carousel,2019-01-13T06:13:40.000Z,FALSE
1.95E+18,,,1008,,,10,,Image,2018-12-30T16:12:31.000Z,FALSE
2.05E+18,,,2253,,,24,,carousel,2019-05-29T13:26:05.000Z,FALSE
1.96E+18,,,1344,,,15,,Image,2019-01-23T04:17:48.000Z,FALSE
1.97E+18,,,492,,,8,,Image,2019-01-30T13:40:09.000Z,FALSE
1.95E+18,,,336,,,3,,Image,2018-12-30T10:34:53.000Z,FALSE
1.95E+18,,,1127,,,12,,Image,2018-12-30T10:26:40.000Z,FALSE
1.94E+18,,,574,,,1,,Image,2018-12-28T13:52:23.000Z,FALSE
1.94E+18,,,1065,,,21,,Image,2018-12-24T22:20:49.000Z,FALSE
1.94E+18,,,722,,,36,,Image,2018-12-27T16:15:21.000Z,FALSE
1.94E+18,,,1004,,,6,,Image,2018-12-26T06:23:17.000Z,FALSE
1.94E+18,,,1084,,,11,,Image,2018-12-28T13:48:19.000Z,FALSE
1.94E+18,,,580,,,8,,Image,2018-12-28T13:46:31.000Z,FALSE
1.94E+18,,,715,,,8,,Image,2018-12-26T13:56:12.000Z,FALSE
1.94E+18,,,598,,,6,,Image,2018-12-26T00:26:09.000Z,FALSE
1.94E+18,,,1408,,,17,,Image,2018-12-24T02:44:50.000Z,FALSE
1.94E+18,,,677,,,6,,Image,2018-12-24T03:46:45.000Z,FALSE
1.94E+18,,,1111,,,27,,Image,2018-12-26T05:20:02.000Z,FALSE
1.94E+18,,,897,,,7,,Image,2018-12-24T02:41:29.000Z,FALSE
1.94E+18,,,1204,,,20,,Image,2018-12-23T13:49:46.000Z,FALSE
1.93E+18,,,1301,,,16,,Image,2018-12-12T13:27:58.000Z,FALSE
1.94E+18,,,1384,,,22,,Image,2018-12-22T06:17:10.000Z,FALSE
1.94E+18,,,754,,,14,,Image,2018-12-20T15:13:18.000Z,FALSE
1.94E+18,,,1181,,,33,,Image,2018-12-22T07:12:28.000Z,FALSE
1.93E+18,,,722,,,6,,Image,2018-12-08T10:52:18.000Z,FALSE
1.91E+18,,,1363,,,28,,Image,2018-11-12T13:25:22.000Z,FALSE
1.94E+18,,,1455,,,21,,Image,2018-12-23T01:42:21.000Z,FALSE
1.91E+18,,,991,,,30,,Image,2018-11-05T12:54:50.000Z,FALSE
1.92E+18,,,831,,,13,,Image,2018-11-19T11:12:43.000Z,FALSE
1.91E+18,,,1122,,,21,,Image,2018-11-06T19:24:05.000Z,FALSE
1.94E+18,,,1082,,,20,,Image,2018-12-23T09:31:21.000Z,FALSE
1.94E+18,,,597,5,6.833,7,,Reel,2018-12-28T13:51:23.000Z,FALSE
1.87E+18,,,533,,,3,,Image,2018-09-12T03:47:20.000Z,FALSE
1.90E+18,,,774,4,59.967,42,,Reel,2018-10-22T15:02:40.000Z,FALSE
1.87E+18,,,727,,,19,,Image,2018-09-11T13:31:14.000Z,FALSE
1.90E+18,,,748,,,2,,Image,2018-10-22T08:24:41.000Z,FALSE
1.89E+18,,,947,,,7,,Image,2018-10-17T03:14:33.000Z,FALSE
1.85E+18,,,292,0,9.233,3,,Reel,2018-08-25T05:04:04.000Z,FALSE
1.87E+18,,,705,,,6,,Image,2018-09-21T11:59:30.000Z,FALSE
1.86E+18,,,622,,,18,,Image,2018-08-29T14:12:14.000Z,FALSE
1.86E+18,,,381,,,5,,Image,2018-09-01T07:37:48.000Z,FALSE
1.87E+18,,,712,,,15,,Image,2018-09-13T05:05:00.000Z,FALSE
1.90E+18,,,1568,,,8,,carousel,2018-10-22T08:27:21.000Z,FALSE
1.85E+18,,,649,,,21,,Image,2018-08-25T04:41:01.000Z,FALSE
1.82E+18,,,479,,,11,,Image,2018-07-14T05:53:38.000Z,FALSE
1.84E+18,,,757,,,13,,Image,2018-08-12T17:03:37.000Z,FALSE
1.85E+18,,,305,,,5,,Image,2018-08-22T08:31:50.000Z,FALSE
1.84E+18,,,608,,,38,,Image,2018-08-02T12:44:19.000Z,FALSE
1.85E+18,,,351,0,6.7,5,,Reel,2018-08-20T08:48:43.000Z,FALSE
1.84E+18,,,593,,,14,,Image,2018-08-03T20:10:20.000Z,FALSE
1.89E+18,,,683,1,6.5,16,,Reel,2018-10-16T16:10:19.000Z,FALSE
1.82E+18,,,541,,,12,,Image,2018-07-08T05:08:18.000Z,FALSE
1.84E+18,,,701,,,40,,Image,2018-08-13T09:16:19.000Z,FALSE
1.85E+18,,,526,,,4,,Image,2018-08-18T09:42:31.000Z,FALSE
1.81E+18,,,577,,,16,,Image,2018-06-26T06:15:54.000Z,FALSE
1.81E+18,,,558,,,20,,Image,2018-06-29T13:28:27.000Z,FALSE
1.80E+18,,,318,0,2.7,11,,Reel,2018-06-15T15:45:42.000Z,FALSE
1.79E+18,,,401,,,8,,Image,2018-06-03T11:02:31.000Z,FALSE
1.80E+18,,,316,,,1,,Image,2018-06-06T17:58:45.000Z,FALSE
1.79E+18,,,185,,,0,,Image,2018-06-01T15:55:29.000Z,FALSE
1.80E+18,,,505,,,7,,Image,2018-06-06T18:30:07.000Z,FALSE
1.81E+18,,,684,,,28,,Image,2018-06-25T08:49:19.000Z,FALSE
1.79E+18,,,428,,,3,,Image,2018-06-04T05:10:10.000Z,FALSE
1.81E+18,,,610,,,21,,Image,2018-06-27T04:27:51.000Z,FALSE
1.81E+18,,,724,,,27,,Image,2018-06-23T15:10:59.000Z,FALSE
1.82E+18,,,476,,,4,,Image,2018-07-09T06:09:58.000Z,FALSE
1.79E+18,,,310,,,0,,Image,2018-06-01T11:25:27.000Z,FALSE
1.79E+18,,,256,,,2,,Image,2018-06-01T15:54:02.000Z,FALSE
1.79E+18,,,381,,,7,,Image,2018-05-27T16:28:48.000Z,FALSE
1.79E+18,,,400,,,3,,Image,2018-05-29T19:34:32.000Z,FALSE
1.79E+18,,,224,0,15.333,4,,Reel,2018-05-27T16:28:36.000Z,FALSE
1.79E+18,,,180,0,35.633,0,,Reel,2018-06-01T04:36:43.000Z,FALSE
1.79E+18,,,390,,,5,,Image,2018-05-30T17:05:36.000Z,FALSE
1.79E+18,,,239,,,1,,Image,2018-05-29T05:58:18.000Z,FALSE
1.79E+18,,,361,,,7,,carousel,2018-05-28T16:09:46.000Z,FALSE
1.79E+18,,,266,,,1,,Image,2018-06-01T07:33:59.000Z,FALSE
1.79E+18,,,480,,,14,,Image,2018-06-01T09:25:07.000Z,FALSE
1.83E+18,,,486,,,17,,Image,2018-07-17T16:51:14.000Z,FALSE
1.79E+18,,,238,,,0,,Image,2018-05-27T16:20:00.000Z,FALSE
1.79E+18,,,264,,,2,,Image,2018-05-25T17:16:06.000Z,FALSE
1.79E+18,,,397,,,6,,Image,2018-05-24T06:46:58.000Z,FALSE
1.79E+18,,,414,,,6,,Image,2018-05-23T13:44:01.000Z,FALSE
1.79E+18,,,450,,,10,,carousel,2018-05-26T07:36:33.000Z,FALSE
1.79E+18,,,290,,,4,,Image,2018-05-26T17:43:44.000Z,FALSE
1.79E+18,,,336,,,5,,Image,2018-05-24T06:54:50.000Z,FALSE
1.79E+18,,,286,,,4,,Image,2018-05-26T18:08:56.000Z,FALSE
1.79E+18,,,372,,,4,,Image,2018-05-23T13:45:17.000Z,FALSE
1.79E+18,,,300,,,11,,Image,2018-05-25T18:19:11.000Z,FALSE
1.79E+18,,,294,,,2,,Image,2018-05-27T12:58:51.000Z,FALSE
1.79E+18,,,654,,,41,,Image,2018-05-23T13:47:43.000Z,FALSE
1.79E+18,,,289,,,3,,Image,2018-05-23T13:41:52.000Z,FALSE
1.78E+18,,,478,,,7,,Image,2018-05-18T19:29:44.000Z,FALSE
1.78E+18,,,408,,,6,,Image,2018-05-20T03:47:24.000Z,FALSE
1.78E+18,,,471,,,10,,Image,2018-05-22T03:43:07.000Z,FALSE
1.79E+18,,,340,,,5,,Image,2018-05-23T01:32:41.000Z,FALSE
1.78E+18,,,217,1,8.333,7,,Reel,2018-05-19T04:51:43.000Z,FALSE
1.78E+18,,,267,,,3,,Image,2018-05-19T03:12:18.000Z,FALSE
1.78E+18,,,303,3,10.966,7,,Reel,2018-05-22T03:29:16.000Z,FALSE
1.78E+18,,,414,,,8,,Image,2018-05-18T03:36:15.000Z,FALSE
1.78E+18,,,421,,,8,,Image,2018-05-21T14:02:22.000Z,FALSE
1.78E+18,,,341,,,19,,Image,2018-05-20T02:22:22.000Z,FALSE
1.79E+18,,,425,,,8,,Image,2018-06-02T17:17:17.000Z,FALSE
1.78E+18,,,286,,,4,,Image,2018-05-20T18:51:54.000Z,FALSE
1.78E+18,,,385,,,9,,Image,2018-05-16T12:17:42.000Z,FALSE
1.78E+18,,,457,,,15,,Image,2018-05-15T10:32:07.000Z,FALSE
1.78E+18,,,278,,,9,,carousel,2018-05-11T07:20:52.000Z,FALSE
1.75E+18,,,287,,,4,,Image,2018-04-10T04:56:15.000Z,FALSE
1.74E+18,,,430,,,2,,Image,2018-03-17T12:32:32.000Z,FALSE
1.76E+18,,,317,,,5,,Image,2018-04-11T10:43:51.000Z,FALSE
1.74E+18,,,272,,,2,,Image,2018-03-17T13:12:02.000Z,FALSE
1.78E+18,,,386,,,6,,Image,2018-05-15T10:33:59.000Z,FALSE
1.78E+18,,,296,1,37.2,16,,Reel,2018-05-11T07:40:15.000Z,FALSE
1.75E+18,,,392,,,17,,Image,2018-04-09T18:57:53.000Z,FALSE
1.74E+18,,,421,,,9,,carousel,2018-03-21T05:53:01.000Z,FALSE
1.76E+18,,,323,,,4,,Image,2018-04-12T15:36:56.000Z,FALSE
1.76E+18,,,522,,,38,,Image,2018-04-20T12:16:18.000Z,FALSE
1.72E+18,,,265,,,12,,Image,2018-02-28T12:18:13.000Z,FALSE
1.72E+18,,,337,,,10,,Image,2018-02-28T14:23:45.000Z,FALSE
1.73E+18,,,404,,,16,,Image,2018-03-10T13:52:55.000Z,FALSE
1.73E+18,,,271,,,5,,Image,2018-03-05T12:46:35.000Z,FALSE
1.73E+18,,,311,1,7.233,12,,Reel,2018-03-11T10:22:03.000Z,FALSE
1.73E+18,,,257,,,10,,Image,2018-03-02T15:58:58.000Z,FALSE
1.74E+18,,,291,,,8,,Image,2018-03-16T01:01:17.000Z,FALSE
1.73E+18,,,266,,,8,,Image,2018-03-01T14:44:50.000Z,FALSE
1.73E+18,,,257,,,4,,Image,2018-03-01T07:39:00.000Z,FALSE
1.73E+18,,,254,,,9,,Image,2018-03-02T09:10:57.000Z,FALSE
1.73E+18,,,354,,,4,,Image,2018-03-13T10:43:36.000Z,FALSE
1.73E+18,,,396,,,4,,Image,2018-03-10T01:05:00.000Z,FALSE
1.71E+18,,,330,,,4,,Image,2018-02-14T13:40:14.000Z,FALSE
1.71E+18,,,410,,,15,,Image,2018-02-05T12:34:38.000Z,FALSE
1.71E+18,,,381,,,9,,Image,2018-02-03T14:43:34.000Z,FALSE
1.71E+18,,,341,,,15,,Image,2018-02-10T17:06:17.000Z,FALSE
1.71E+18,,,332,,,4,,Image,2018-02-09T13:27:46.000Z,FALSE
1.71E+18,,,367,,,5,,Image,2018-02-08T07:31:08.000Z,FALSE
1.71E+18,,,357,,,11,,Image,2018-02-13T13:47:30.000Z,FALSE
1.71E+18,,,329,,,2,,Image,2018-02-04T14:51:03.000Z,FALSE
1.71E+18,,,287,,,2,,Image,2018-02-14T22:27:04.000Z,FALSE
1.71E+18,,,314,,,3,,Image,2018-02-13T13:48:27.000Z,FALSE
1.71E+18,,,225,,,2,,Image,2018-02-04T14:40:26.000Z,FALSE
1.70E+18,,,346,,,8,,Image,2018-01-26T14:23:16.000Z,FALSE
1.69E+18,,,295,,,9,,Image,2018-01-14T02:55:31.000Z,FALSE
1.69E+18,,,312,,,3,,Image,2018-01-15T05:34:31.000Z,FALSE
1.70E+18,,,202,,,3,,Image,2018-01-21T13:23:35.000Z,FALSE
1.71E+18,,,248,,,5,,Image,2018-02-03T13:51:30.000Z,FALSE
1.70E+18,,,353,,,14,,Image,2018-01-21T11:44:02.000Z,FALSE
1.70E+18,,,313,,,6,,Image,2018-01-18T12:42:26.000Z,FALSE
1.70E+18,,,198,,,1,,Image,2018-01-26T16:51:33.000Z,FALSE
1.69E+18,,,330,,,7,,Image,2018-01-14T16:38:15.000Z,FALSE
1.69E+18,,,288,,,6,,Image,2018-01-13T12:13:58.000Z,FALSE
1.69E+18,,,441,,,16,,Image,2018-01-14T12:09:29.000Z,FALSE
1.70E+18,,,298,,,6,,Image,2018-01-20T14:34:12.000Z,FALSE
1.68E+18,,,236,,,3,,Image,2018-01-03T17:32:08.000Z,FALSE
1.67E+18,,,373,,,4,,Image,2017-12-20T11:33:28.000Z,FALSE
1.67E+18,,,313,,,4,,Image,2017-12-18T12:42:04.000Z,FALSE
1.68E+18,,,218,,,3,,Image,2017-12-31T12:27:59.000Z,FALSE
1.68E+18,,,281,,,2,,Image,2017-12-30T07:15:57.000Z,FALSE
1.67E+18,,,208,,,1,,Image,2017-12-17T12:21:33.000Z,FALSE
1.67E+18,,,219,,,5,,Image,2017-12-14T11:56:02.000Z,FALSE
1.68E+18,,,169,,,1,,Image,2017-12-31T12:23:56.000Z,FALSE
1.68E+18,,,250,,,2,,Image,2017-12-29T12:45:09.000Z,FALSE
1.67E+18,,,175,,,1,,Image,2017-12-18T07:55:36.000Z,FALSE
1.68E+18,,,371,,,15,,Image,2017-12-24T15:45:29.000Z,FALSE
1.67E+18,,,196,,,3,,Image,2017-12-17T09:03:45.000Z,FALSE
1.67E+18,,,179,,,1,,Image,2017-12-08T14:32:06.000Z,FALSE
1.65E+18,,,199,,,3,,Image,2017-11-19T17:26:56.000Z,FALSE
1.66E+18,,,270,,,6,,Image,2017-11-27T18:55:07.000Z,FALSE
1.65E+18,,,249,,,1,,Image,2017-11-23T10:12:44.000Z,FALSE
1.66E+18,,,262,,,8,,Image,2017-11-24T13:33:08.000Z,FALSE
1.67E+18,,,224,,,6,,Image,2017-12-13T03:55:19.000Z,FALSE
1.65E+18,,,269,,,2,,Image,2017-11-18T10:01:07.000Z,FALSE
1.67E+18,,,285,,,2,,Image,2017-12-10T18:08:31.000Z,FALSE
1.66E+18,,,291,,,4,,Image,2017-12-04T13:11:19.000Z,FALSE
1.67E+18,,,171,,,4,,Image,2017-12-13T01:31:43.000Z,FALSE
1.65E+18,,,225,1,18.533,9,,Reel,2017-11-18T11:52:27.000Z,FALSE
1.66E+18,,,248,,,5,,Image,2017-11-26T13:51:47.000Z,FALSE
1.63E+18,,,320,,,0,,Image,2017-10-16T11:20:35.000Z,FALSE
1.65E+18,,,219,,,7,,Image,2017-11-12T17:56:55.000Z,FALSE
1.63E+18,,,270,,,9,,Image,2017-10-17T11:34:59.000Z,FALSE
1.62E+18,,,315,,,13,,Image,2017-10-13T12:15:58.000Z,FALSE
1.61E+18,,,199,,,0,,Image,2017-09-27T14:16:30.000Z,FALSE
1.64E+18,,,261,,,4,,Image,2017-11-08T13:51:42.000Z,FALSE
1.65E+18,,,222,,,1,,Image,2017-11-18T09:07:38.000Z,FALSE
1.65E+18,,tagged_post,198,,,2,,Image,2017-11-11T15:10:49.000Z,FALSE
1.61E+18,,,137,,,0,,Image,2017-09-28T09:32:19.000Z,FALSE
1.65E+18,,,241,,,3,,Image,2017-11-11T15:06:13.000Z,FALSE
1.65E+18,,,273,,,5,,Image,2017-11-18T08:14:33.000Z,FALSE
1.65E+18,,,198,,,7,,Image,2017-11-11T09:48:10.000Z,FALSE
1.72E+18,,,476,,,13,,Image,2018-02-16T22:07:20.000Z,FALSE
1.59E+18,,,135,,,0,,Image,2017-09-02T07:35:07.000Z,FALSE
1.59E+18,,,245,,,2,,Image,2017-09-02T07:42:40.000Z,FALSE
1.59E+18,,,107,,,0,,Image,2017-08-28T07:01:02.000Z,FALSE
1.60E+18,,,172,,,1,,Image,2017-09-07T17:02:48.000Z,FALSE
1.59E+18,,,199,,,1,,Image,2017-08-30T05:26:38.000Z,FALSE
1.61E+18,,,118,2,4.533,0,,Reel,2017-09-27T02:45:41.000Z,FALSE
1.60E+18,,,144,1,7.3,1,,Reel,2017-09-11T19:33:01.000Z,FALSE
1.59E+18,,,164,,,0,,Image,2017-08-28T16:33:41.000Z,FALSE
1.59E+18,,,203,,,1,,Image,2017-08-25T03:20:23.000Z,FALSE
1.59E+18,,,150,,,1,,Image,2017-08-29T10:47:13.000Z,FALSE
1.60E+18,,,190,,,2,,Image,2017-09-04T13:08:24.000Z,FALSE
1.58E+18,,tagged_post,162,,,1,,Image,2017-08-13T14:03:24.000Z,FALSE
1.58E+18,,,127,,,1,,Image,2017-08-11T01:19:07.000Z,FALSE
1.58E+18,,,122,,,0,,Image,2017-08-18T14:08:31.000Z,FALSE
1.57E+18,,,198,,,0,,Image,2017-07-30T16:40:48.000Z,FALSE
1.61E+18,,,233,,,1,,Image,2017-09-27T10:55:17.000Z,FALSE
1.57E+18,,,160,,,0,,Image,2017-08-02T08:38:18.000Z,FALSE
1.57E+18,,,197,,,5,,Image,2017-08-02T05:33:19.000Z,FALSE
1.59E+18,,,229,,,6,,Image,2017-08-25T03:08:43.000Z,FALSE
1.59E+18,,,160,,,0,,Image,2017-08-20T13:45:36.000Z,FALSE
1.56E+18,,,158,,,2,,Image,2017-07-15T16:47:23.000Z,FALSE
1.57E+18,,,179,,,3,,Image,2017-07-30T16:00:21.000Z,FALSE
1.58E+18,,,126,,,0,,Image,2017-08-18T14:14:15.000Z,FALSE
1.50E+18,,,234,,,3,,Image,2017-04-22T14:22:28.000Z,FALSE
1.50E+18,,,194,,,0,,Image,2017-04-24T17:54:40.000Z,FALSE
1.50E+18,,,181,,,1,,Image,2017-04-20T04:53:37.000Z,FALSE
1.51E+18,,,197,,,2,,Image,2017-05-14T17:55:11.000Z,FALSE
1.50E+18,,,113,,,2,,Image,2017-04-25T23:33:00.000Z,FALSE
1.56E+18,,,174,,,0,,Image,2017-07-09T15:57:41.000Z,FALSE
1.50E+18,,,193,,,2,,Image,2017-04-24T12:03:33.000Z,FALSE
1.50E+18,,,171,,,0,,Image,2017-04-25T16:06:58.000Z,FALSE
1.50E+18,,,190,,,0,,Image,2017-04-27T09:20:47.000Z,FALSE
1.50E+18,,,175,,,2,,Image,2017-04-20T05:11:20.000Z,FALSE
1.55E+18,,,136,,,0,,Image,2017-07-05T10:45:43.000Z,FALSE
1.56E+18,,,244,,,3,,Image,2017-07-15T15:36:40.000Z,FALSE
1.57E+18,,tagged_post,178,,,0,,Image,2017-08-02T08:40:37.000Z,FALSE
1.49E+18,,,174,,,6,,Image,2017-04-17T02:55:50.000Z,FALSE
1.50E+18,,,175,,,2,,Image,2017-04-18T02:30:01.000Z,FALSE
1.50E+18,,,169,,,1,,Image,2017-04-19T03:02:42.000Z,FALSE
1.50E+18,,,200,,,4,,Image,2017-04-18T20:44:05.000Z,FALSE
1.49E+18,,,178,,,1,,Image,2017-04-17T04:29:20.000Z,FALSE
1.50E+18,,,167,,,2,,Image,2017-04-18T01:53:28.000Z,FALSE
1.49E+18,,,193,,,2,,Image,2017-04-16T02:55:28.000Z,FALSE
1.49E+18,,,158,,,1,,Image,2017-04-16T02:50:46.000Z,FALSE
1.49E+18,,,197,,,3,,Image,2017-04-16T02:57:10.000Z,FALSE
1.48E+18,,,127,,,4,,Image,2017-03-26T08:08:00.000Z,FALSE
1.49E+18,,,244,,,4,,Image,2017-04-16T02:53:03.000Z,FALSE
1.42E+18,,,147,,,2,,Image,2016-12-31T05:10:40.000Z,FALSE
1.42E+18,,,170,,,4,,Image,2017-01-08T12:35:41.000Z,FALSE
1.40E+18,,,209,,,4,,Image,2016-12-05T14:49:27.000Z,FALSE
1.50E+18,,,168,,,2,,Image,2017-04-18T02:30:34.000Z,FALSE
1.41E+18,,,169,,,0,,Image,2016-12-17T13:46:29.000Z,FALSE
1.41E+18,,,125,,,0,,Image,2016-12-18T00:18:28.000Z,FALSE
1.42E+18,,,162,,,0,,Image,2017-01-01T14:18:41.000Z,FALSE
1.40E+18,,,109,,,1,,Image,2016-12-11T14:58:30.000Z,FALSE
1.41E+18,,,205,,,0,,Image,2016-12-21T05:14:25.000Z,FALSE
1.41E+18,,,170,,,1,,Image,2016-12-15T15:57:04.000Z,FALSE
1.41E+18,,,212,,,8,,Image,2016-12-16T13:17:02.000Z,FALSE
1.41E+18,,,178,,,2,,Image,2016-12-17T04:17:20.000Z,FALSE
1.42E+18,,,164,,,0,,Image,2017-01-04T13:59:21.000Z,FALSE
1.22E+18,,,73,,,0,,Image,2016-04-09T19:29:00.000Z,FALSE
1.14E+18,,,97,,,0,,Image,2015-12-12T01:14:53.000Z,FALSE
1.39E+18,,,202,,,3,,Image,2016-11-26T12:11:25.000Z,FALSE
1.38E+18,,,132,,,0,,Image,2016-11-03T11:41:18.000Z,FALSE
1.38E+18,,,145,,,0,,Image,2016-11-04T18:47:21.000Z,FALSE
1.38E+18,,,114,,,0,,Image,2016-11-03T07:35:10.000Z,FALSE
1.38E+18,,,81,,,0,,Image,2016-11-03T07:09:59.000Z,FALSE
1.38E+18,,,141,,,1,,Image,2016-11-04T08:34:17.000Z,FALSE
1.38E+18,,,75,,,1,,Image,2016-11-03T09:42:17.000Z,FALSE
1.27E+18,,,115,,,1,,Image,2016-06-04T19:00:30.000Z,FALSE
1.38E+18,,,108,,,0,,Image,2016-11-06T10:47:31.000Z,FALSE
1.09E+18,,,61,,,0,,Image,2015-10-02T12:26:57.000Z,FALSE
1.09E+18,,,82,,,0,,Image,2015-10-11T04:55:42.000Z,FALSE
1.05E+18,,,68,,,1,,Image,2015-08-16T11:26:01.000Z,FALSE
1.09E+18,,,106,,,3,,Image,2015-10-05T22:04:05.000Z,FALSE
1.02E+18,,,63,,,0,,Image,2015-06-30T20:21:44.000Z,FALSE
1.10E+18,,,104,,,2,,Image,2015-10-18T20:55:01.000Z,FALSE
1.05E+18,,,54,,,0,,Image,2015-08-16T11:25:08.000Z,FALSE
1.07E+18,,,61,,,1,,Image,2015-09-06T16:10:58.000Z,FALSE
1.12E+18,,,108,,,3,,Image,2015-11-23T15:57:41.000Z,FALSE
1.07E+18,,,89,,,2,,Image,2015-09-10T16:54:14.000Z,FALSE
1.03E+18,,,46,,,0,,Image,2015-07-10T13:16:10.000Z,FALSE
1.12E+18,,,74,,,4,,Image,2015-11-21T12:37:21.000Z,FALSE
1.02E+18,,,117,,,3,,Image,2015-06-28T09:26:34.000Z,FALSE
1.02E+18,,,63,,,1,,Image,2015-06-30T20:20:59.000Z,FALSE
1.02E+18,,,66,,,0,,Image,2015-06-25T17:23:05.000Z,FALSE
1.00E+18,,,51,,,0,,Image,2015-06-07T08:32:52.000Z,FALSE
1.00E+18,,,84,,,2,,Image,2015-06-09T15:48:23.000Z,FALSE
1.02E+18,,,50,,,0,,Image,2015-06-30T19:46:14.000Z,FALSE
9.92E+17,,,39,,,0,,Image,2015-05-24T19:26:10.000Z,FALSE
1.00E+18,,,70,,,0,,Image,2015-06-10T16:08:32.000Z,FALSE
9.93E+17,,,51,,,0,,Image,2015-05-25T12:17:11.000Z,FALSE
1.00E+18,,,70,,,0,,Image,2015-06-08T17:57:28.000Z,FALSE
1.01E+18,,,115,,,1,,Image,2015-06-14T19:54:12.000Z,FALSE
9.87E+17,,,55,,,1,,Image,2015-05-17T11:50:28.000Z,FALSE
1.40E+18,,,162,,,0,,Image,2016-12-04T12:33:56.000Z,FALSE
9.83E+17,,,97,,,0,,Image,2015-05-12T08:00:01.000Z,FALSE
1.00E+18,,,70,,,1,,Image,2015-06-04T07:22:09.000Z,FALSE
9.68E+17,,,69,,,2,,Image,2015-04-21T16:50:28.000Z,FALSE
9.72E+17,,,48,,,0,,Image,2015-04-26T20:32:17.000Z,FALSE
9.67E+17,,,37,,,0,,Image,2015-04-19T23:44:42.000Z,FALSE
9.63E+17,,,48,,,0,,Image,2015-04-15T05:42:29.000Z,FALSE
9.65E+17,,,46,,,0,,Image,2015-04-17T20:37:30.000Z,FALSE
9.72E+17,,,40,,,1,,Image,2015-04-26T09:32:35.000Z,FALSE
9.74E+17,,,51,,,0,,Image,2015-04-29T10:16:44.000Z,FALSE
9.62E+17,,,48,,,0,,Image,2015-04-13T14:42:43.000Z,FALSE
9.92E+17,,,88,,,3,,Image,2015-05-24T02:10:52.000Z,FALSE
9.64E+17,,,49,,,0,,Image,2015-04-15T18:38:59.000Z,FALSE
9.58E+17,,,67,,,2,,Image,2015-04-08T08:22:52.000Z,FALSE
9.52E+17,,,60,,,0,,Image,2015-03-30T17:38:00.000Z,FALSE
9.48E+17,,,63,,,0,,Image,2015-03-24T07:49:31.000Z,FALSE
9.62E+17,,,72,,,3,,Image,2015-04-12T15:19:00.000Z,FALSE
9.51E+17,,,52,,,0,,Image,2015-03-29T14:27:26.000Z,FALSE
9.46E+17,,,67,,,0,,Image,2015-03-22T14:35:42.000Z,FALSE
9.38E+17,,,66,,,0,,Image,2015-03-11T16:10:17.000Z,FALSE
9.46E+17,,,57,,,0,,Image,2015-03-22T17:44:01.000Z,FALSE
9.62E+17,,,50,,,0,,Image,2015-04-13T03:27:19.000Z,FALSE
9.56E+17,,,50,,,3,,Image,2015-04-04T16:52:24.000Z,FALSE
9.61E+17,,,55,,,1,,Image,2015-04-11T06:00:17.000Z,FALSE
9.40E+17,,,96,,,0,,Image,2015-03-13T12:54:34.000Z,FALSE
9.33E+17,,,105,,,0,,Image,2015-03-04T15:50:22.000Z,FALSE
9.34E+17,,,98,,,1,,Image,2015-03-05T08:15:28.000Z,FALSE
9.36E+17,,,92,,,2,,Image,2015-03-08T07:14:10.000Z,FALSE
7.83E+17,,,98,,,1,,Image,2014-08-09T14:41:57.000Z,FALSE
7.83E+17,,,98,,,1,,Image,2014-08-09T14:41:57.000Z,FALSE
